La Jornada: Deportes,“Sólo Canelo puede competir con la popularidad del futbol”,"Sólo Saúl Canelo Álvarez puede competir con la masificación mediática y comercial del futbol. A pesar de que los más recientes partidos de la selección mexicana no tuvieron la asistencia que solían tener, es difícil que otros peleadores tengan ese arrastre, consideró Mauricio Sulaimán, presidente del Consejo Mundial de Boxeo.",Si,https://www.jornada.com.mx/2024/09/18/deportes/a11n2dep?partner=rss,"Wed, 18 Sep 2024 10:25:26 GMT"
La Jornada: Deportes,Mbappé sonríe con el Madrid en la “nueva” Champions,"París. En la Liga de Campeones hay más equipos y un distinto formato, pero los favoritos siguen imponiendo su ley. El vigente campeón Real Madrid, Liverpool, Bayern Múnich –con goleada 9-2– y la Juventus solventaron sus primeros partidos ayer y lideran la competencia.",Si,https://www.jornada.com.mx/2024/09/18/deportes/a11n1dep?partner=rss,"Wed, 18 Sep 2024 10:25:26 GMT"
La Jornada: Deportes,La Máquina se descarrila; pierde lo invicto en San Luis,"Cruz Azul entregó su invicto y puso en riesgo el liderato de la Liga Mx. Con las mínimas concesiones y un estadio repleto, el Atlético de San Luis condenó con saña los errores que cometió La Máquina en la segunda fecha doble de la Liga Mx. Fue el esmero de los potosinos, más las escasas distracciones en un partido de máxima atención lo que detuvo el paso arrollador de su rival con un marcador (3-1) que no estaba presupuestado.",Si,https://www.jornada.com.mx/2024/09/18/deportes/a12n1dep?partner=rss,"Wed, 18 Sep 2024 10:25:26 GMT"
La Jornada: Deportes,Chiles reclama ante la Suprema Corte de Suiza devolución de su presea de bronce,"Lausana. La gimnasta estadunidense Jordan Chiles pidió a la Suprema Corte de Suiza que revierta la decisión del Tribunal de Arbitraje Deportivo (TAS), el cual le retiró la meda-lla de bronce ganada en la prue-ba de piso de los Juegos Olímpicos de París 2024.",Si,https://www.jornada.com.mx/2024/09/18/deportes/a12n2dep?partner=rss,"Wed, 18 Sep 2024 10:25:26 GMT"
La Jornada: Deportes,López Obrador premia con 78 millones 240 mil pesos a olímpicos y paralímpicos,"A un par de semanas de concluir su administración, el presidente Andrés Manuel López Obrador encabezó la entrega de estímulos a los deportistas que participaron en los Juegos Olímpicos y Paralímpicos París 2024.",Si,https://www.jornada.com.mx/2024/09/18/deportes/a10n1dep?partner=rss,"Wed, 18 Sep 2024 10:25:26 GMT"
La Jornada: Economía,Retención de talento crecerá con el nearshoring,"Para 2030, la productividad laboral en México aumentará de 15 a 30 por ciento debido a una mayor demanda de empleo y generación de estrategias para el desarrollo y atracción de talento local, aseveró el estudio El impacto del nearshoring en las tendencias de beneficios para empleados en México.",Si,https://www.jornada.com.mx/2024/09/18/economia/021n3eco?partner=rss,"Wed, 18 Sep 2024 10:25:26 GMT"
La Jornada: Economía,Anima a los mercados financieros expectativa de un mayor recorte en tasas de interés en EU,"Con la atención de los inversionistas centrada en la decisión de política monetaria de la Reserva Federal (Fed) de Estados Unidos este miércoles, con la incógnita de si será un recorte de la tasa de 0.25 o de 0.50 puntos porcentuales, el peso revirtió su altibajo matutino e hiló su cuarto cierre consecutivo al alza frente al dólar.",Si,https://www.jornada.com.mx/2024/09/18/economia/021n1eco?partner=rss,"Wed, 18 Sep 2024 10:25:26 GMT"
La Jornada: Economía,Enrique Galván Ochoa: Dinero,"La Jornada es el único diario del país cuyos dueños somos periodistas y trabajadores, los demás son propiedad de grupos empresariales, que los utilizan para tener “derecho de picaporte” con los gobiernos y obtener contratos. Fue el primero en subir sus páginas a Internet, cuando todavía no existían Twitter ni Facebook. Por sus páginas han desfilado los escritores más famosos, entre ellos, los dos Carlos, Fuentes y Monsiváis, y Elena Poniatowska. Cumplimos 40 años, a pesar de las dificultades que han puesto en nuestro camino, en particular los gobiernos de derecha.",Si,https://www.jornada.com.mx/2024/09/18/opinion/006o1eco?partner=rss,"Wed, 18 Sep 2024 10:25:26 GMT"
La Jornada: Economía,CMIC entrega 80 proyectos de infraestructura al próximo gobierno,"Los constructores ya abrieron el diálogo con el próximo gobierno de la hoy presidenta electa, Claudia Sheinbaum Pardo, pues han identificado 650 necesidades de infraestructura en el territorio nacional, que por lo menos requerirán una inversión hasta del triple de los 600 mil millones de pesos asignados en el presupuesto federal de 2024, es decir, casi 2 billones de pesos, señaló Luis Méndez Jaled, dirigente de la Cámara Mexicana de la Industria de la Construcción (CMIC).",Si,https://www.jornada.com.mx/2024/09/18/economia/023n2eco?partner=rss,"Wed, 18 Sep 2024 10:25:26 GMT"
La Jornada: Economía,Reporta el GCMA cifra histórica en las importaciones de maíz,"Al cierre de los primeros ocho meses de 2024, las importaciones de maíz se ubicaron en 16 millones 100 mil toneladas métricas, volumen sin precedente para un mismo periodo desde que existen registros, revela un nuevo reporte del Grupo Consultor de Mercados Agrícolas (GCMA).",Si,https://www.jornada.com.mx/2024/09/18/economia/023n1eco?partner=rss,"Wed, 18 Sep 2024 10:25:26 GMT"
La Jornada: Economía,"En agosto, plusvalías de las Afore sumaron 231 mil mdp","En agosto de 2024 las administradoras de fondos para el retiro (Afore) consiguieron plusvalías (ganancias no consolidadas) para los trabajadores por 231 mil 284 millones de pesos, uno de los montos más altos para un sólo mes desde que existen registros, reveló este martes la Comisión Nacional del Sistema de Ahorro para el Retiro (Consar).",Si,https://www.jornada.com.mx/2024/09/18/economia/021n2eco?partner=rss,"Wed, 18 Sep 2024 10:25:26 GMT"
La Jornada: Economía,La Tesorería “mete en cintura” a los bancos,"La Tesorería de la Federación “metió en cintura” a los bancos que tiene contratados como auxiliares para recibir el pago de impuestos en las ventanillas de sus sucursales, pues detectó 18 mil incumplimientos al mes en promedio, lo que significa que las contribuciones llegan a destiempo o no se reciben.",Si,https://www.jornada.com.mx/2024/09/18/economia/020n1eco?partner=rss,"Wed, 18 Sep 2024 10:25:26 GMT"
La Jornada: Economía,Suben precios del petróleo por interrupciones del suministro,"Los precios del petróleo subieron ayer porque aumentaron las interrupciones de suministro y los operadores apuestan a que la demanda crecerá si la Reserva Federal de Estados Unidos reduce los costos de endeudamiento esta semana, como se espera.",Si,https://www.jornada.com.mx/2024/09/18/economia/023n3eco?partner=rss,"Wed, 18 Sep 2024 10:25:26 GMT"
La Jornada: Economía,México y EU evalúan control de inversiones para proteger la seguridad nacional,"El subsecretario de Seguridad de Inversiones de Estados Unidos, Paul Rosen, llegó ayer a la Ciudad de México para reunirse con integrantes del gobierno mexicano, así como con líderes de la comunidad empresarial y de inversión. También participará en la Conferencia Anual de la Asociación Internacional de Abogados.",Si,https://www.jornada.com.mx/2024/09/18/economia/022n1eco?partner=rss,"Wed, 18 Sep 2024 10:25:26 GMT"
La Jornada: Economía,CCE: preocupación por la reforma judicial ya pasó,"La preocupación por el impacto de la aprobación de la reforma al Poder Judicial ya pasó, ahora la oportunidad está en la modificación de las leyes federales para dar cumplimiento al cambio constitucional, señaló Francisco Cervantes Díaz, presidente del Consejo Coordinador Empresarial (CCE).",Si,https://www.jornada.com.mx/2024/09/18/economia/022n2eco?partner=rss,"Wed, 18 Sep 2024 10:25:26 GMT"
La Jornada: Economía,En seis años aumentó 133% la recaudación tributaria: SAT,"En los primeros ocho meses de 2024 el Servicio de Administración Tributaria (SAT) recaudó 191 mil 506 millones de pesos, lo que significó un aumento de 133.7 por ciento respecto al mismo periodo de 2018, cuando la actual administración estaba por iniciar funciones, informó la dependencia.",Si,https://www.jornada.com.mx/2024/09/18/economia/020n2eco?partner=rss,"Wed, 18 Sep 2024 10:25:26 GMT"
La Jornada: Economía,Carlos Fernández-Vega: México SA,"Se necesita cara  muy dura, memoria muy corta y un elevadísimo grado de cinismo para salir a hablar de “atrocidades”, “felonías”, “tiranías”, “antipatrias”, “fragilidades”, “devastaciones” y un grueso inventario adicional de sandeces, cuando él, junto con otros cinco ex inquilinos de Los Pinos del régimen neoliberal, cometieron, abundante y permanentemente, todo tipo de tropelías y atracos en contra de México y los mexicanos.",Si,https://www.jornada.com.mx/2024/09/18/opinion/022o1eco?partner=rss,"Wed, 18 Sep 2024 10:25:26 GMT"
La Jornada: Ciencias,Abejorros cometen los mismos errores de memoria que los humanos: estudio,Madrid. Sicólogos de la Universidad de Stirling realizaron una investigación que demuestra que los abejorros salvajes cometen los mismos errores de memoria que los humanos.,Si,https://www.jornada.com.mx/2024/09/18/ciencias/a06n2cie?partner=rss,"Wed, 18 Sep 2024 10:25:26 GMT"
La Jornada: Ciencias,Rescate de 18 delfines en Francia,,Si,https://www.jornada.com.mx/2024/09/18/ciencias/a06n3cie?partner=rss,"Wed, 18 Sep 2024 10:25:26 GMT"
La Jornada: Ciencias,Buenas noticias en la lucha contra el cáncer,"Barcelona. Desde cocteles inéditos de tratamientos hasta uso de inteligencia artificial para personalizar las curas, la lucha contra el cáncer presenta avances notables en el congreso anual de la Sociedad Europea de Oncología Médica (Esmo), que finalizó ayer en Barcelona.",Si,https://www.jornada.com.mx/2024/09/18/ciencias/a06n1cie?partner=rss,"Wed, 18 Sep 2024 10:25:26 GMT"
La Jornada: Cultura,Anuncian a los ganadores de la edición 46 del Premio Nacional de Cerámica 2023,"El gobierno de la República dio a conocer ayer, en el Diario Oficial de la Federación (DOF), a los ganadores de la 46 versión del Premio Nacional de la Cerámica, correspondiente a 2023, cuya ceremonia de entrega, según la publicación, será en la Ciudad de México, sin que se especifique la fecha.",Si,https://www.jornada.com.mx/2024/09/18/cultura/a04n2cul?partner=rss,"Wed, 18 Sep 2024 10:25:26 GMT"
La Jornada: Cultura,Guadalupe Sobarzo plasmó su rebeldía en el arte y en su vida,"Siempre firme y congruente con su rebeldía estética y política, la artista sonorense Guadalupe Sobarzo, cofundadora e integrante del grupo Suma, falleció en Comala, Colima, en vísperas de sus 70 años, que cumpliría el 6 de octubre.",Si,https://www.jornada.com.mx/2024/09/18/cultura/a05n2cul?partner=rss,"Wed, 18 Sep 2024 10:25:26 GMT"
La Jornada: Cultura,Falleció el artífice del grupo Los Hermanos Rincón,"Valentín Rincón, artífice del grupo Los Hermanos Rincón y destacado compositor de melodías para niños, falleció ayer a los 86 años. La noticia difundida en redes sociales conmocionó a la comunidad artística y a quienes crecieron con sus composiciones.",Si,https://www.jornada.com.mx/2024/09/18/cultura/a05n1cul?partner=rss,"Wed, 18 Sep 2024 10:25:26 GMT"
La Jornada: Cultura,Miguel Díaz Reynoso**: Cuadernos de La Habana,"Amaneció nublado. Por toda la ciudad se esparcía la seguridad de disfrutar de un día de descanso, de vida lenta. Las calles de Estocolmo permanecían sin movimiento alguno.",Si,https://www.jornada.com.mx/2024/09/18/opinion/a03o1cul?partner=rss,"Wed, 18 Sep 2024 10:25:26 GMT"
La Jornada: Cultura,Recibe Rodrigo Sigal la Medalla Bellas Artes 2024 por su “revolución” musical,"El compositor Rodrigo Sigal, quien ha explorado nuevas fronteras sonoras y tecnológicas, recibió ayer la Medalla Bellas Artes 2024 por su labor musical. El galardón, concedido en la sala Manuel M. Ponce del Palacio de Bellas Artes, reconoce su excelencia y compromiso, así como su capacidad para innovar en un campo tan especializado como la electroacústica.",Si,https://www.jornada.com.mx/2024/09/18/cultura/a04n1cul?partner=rss,"Wed, 18 Sep 2024 10:25:26 GMT"
La Jornada: Cultura,Renuevan las salas de la colección virreinal del Museo Nacional de Arte,La colección virreinal del Museo Nacional de Arte (Munal) es una ventana a las vidas del pasado. Las salas que resguardan este emblemático acervo fueron renovadas para reflejar un diálogo entre la actualidad y la sociedad de esa época que se ubicó entre los siglos XVI y XVIII. Hay piezas que nunca antes estuvieron disponibles a los ojos del público.,Si,https://www.jornada.com.mx/2024/09/18/cultura/a02n1cul?partner=rss,"Wed, 18 Sep 2024 10:25:26 GMT"
La Jornada: Cultura,Ricardo Yáñez: Isocronías,No es la permanencia sino la vigencia lo que hace de un poema que poema sea. Permanencia sin obsolescencia pudiéramos decir que es a lo que aspira todo poema.,Si,https://www.jornada.com.mx/2024/09/18/opinion/a04o1cul?partner=rss,"Wed, 18 Sep 2024 10:25:26 GMT"
La Jornada: Cultura,Refleja Fotoseptiembre el “deseo de hacer perdurar nuestra memoria”,"La edición 15 de Fotoseptiembre, Festival Internacional de Fotografía de México, se adelanta en el Museo Archivo de la Fotografía (MAF) con la apertura de la exposición Al otro lado del espejo: El retrato fotográfico. El acto inaugural formal de Fotoseptiembre, cuyo tema es Archivo y memoria, será hoy en el Centro de la Imagen (CI). España es el país invitado.",Si,https://www.jornada.com.mx/2024/09/18/cultura/a03n1cul?partner=rss,"Wed, 18 Sep 2024 10:25:26 GMT"
Expansión - Economía,Claudia Sheinbaum se reunirá con empresarios de Estados Unidos en octubre,"En medio de voces empresariales que dicen que las inversiones se han detenido por la reforma judicial, Marcelo Ebrard anunció la asistencia de la próxima presidenta de México en el CEO Dialogue.",Si,https://expansion.mx/economia/2024/09/18/ebrard-anuncia-sheinbaum-reunion-empresas-de-eu,"Wed, 18 Sep 2024 21:33:43 GMT"
Expansión - Economía,¿Dónde hay mayor brecha salarial por género en México?,"Banxico realizó un análisis de las brechas salariales de género en las regiones de México, los resultados demuestran que el norte es donde hay mayor diferencia de remuneración entre hombres y mujeres.",Si,https://expansion.mx/economia/2024/09/18/brecha-salarial-por-genero-en-mexico,"Wed, 18 Sep 2024 21:03:20 GMT"
Expansión - Economía,¿Por qué es importante tener un seguro para tu negocio?,"Un seguro no solo cubre los daños materiales, sino que también puede asegurar la continuidad de las operaciones en caso de un siniestro, destaca la AMIS.",Si,https://expansion.mx/economia/2024/09/18/por-que-es-importante-tener-un-seguro-para-tu-negocio,"Wed, 18 Sep 2024 20:15:39 GMT"
Expansión - Economía,Peligra economía de México si Trump gana y cumple con aranceles: Moody's,La agencia calificadora anticipa que la economía mexicana sufriría una recesión en 2025 y una mayor inflación.,Si,https://expansion.mx/economia/2024/09/18/economia-de-mexico-peligra-recesion-si-gana-trump,"Wed, 18 Sep 2024 19:05:41 GMT"
Expansión - Economía,"RappiCard alcanza los 5,107 millones de pesos en su cartera de crédito",La empresa resalta que parte de su estrategia es ofrecer un proceso de solicitud y aprobación en solo dos minutos y una entrega de la tarjeta física en 30 minutos.,Si,https://expansion.mx/economia/2024/09/18/rappicard-alcanza-5107-mdp-cartera-de-credito,"Wed, 18 Sep 2024 18:53:02 GMT"
Expansión - Economía,"Fed baja tasas medio punto porcentual; aduce ""confianza"" en control de inflación",Los responsables de la política monetaria prevén que el tipo de referencia de la Reserva Federal caiga otro medio punto porcentual a finales de este año.,Si,https://expansion.mx/economia/2024/09/18/fed-baja-tasas-medio-punto-porcentual-aduce-confianza-en-control-de-inflacion,"Wed, 18 Sep 2024 18:16:03 GMT"
Expansión - Economía,Mercado Pago recibe financiamiento de JP Morgan para apoyar a Pymes mexicanas,La plataforma logra un acuerdo con el banco de inversión de 250 millones de dólares para apoyar a pequeños negocios en el país.,Si,https://expansion.mx/economia/2024/09/18/mercado-pago-recibe-financiamiento-de-jp-morgan,"Wed, 18 Sep 2024 17:53:49 GMT"
Expansión - Economía,El número de súper ricos se dispara en Estados Unidos y China,La población China con al menos 100 millones de dólares en sus cuentas se ha duplicado en los últimos 10 años.,Si,https://expansion.mx/economia/2024/09/18/paises-con-mas-super-ricos,"Wed, 18 Sep 2024 15:05:00 GMT"
Expansión - Economía,Infonavit maneja 2.4 billones de pesos en activos: Carlos Martínez,"Los fondos del instituto han aumentado por los aumentos salariales, las mayores aportaciones patronales, la fiscalización a empresas, los programas de regularización de créditos.",Si,https://expansion.mx/economia/2024/09/18/cuanto-dinero-maneja-el-infonavit,"Wed, 18 Sep 2024 15:00:18 GMT"
Expansión - Economía,El impacto del nearshoring y las tendencias laborales según MetLife México,"La escasez de talento calificado, la importancia de beneficios competitivos y la necesidad de una cultura organizacional sólida son los principales desafíos a los que se enfrentan las empresas",Si,https://expansion.mx/economia/2024/09/18/el-impacto-nearshoring-mexico-tendencias-laborales-metlife,"Wed, 18 Sep 2024 14:23:52 GMT"
Expansión - Economía,"Sofipos ven oportunidades en su figura, a pesar de la migración bancaria","La Asociación Mexicana de Sofipos (AMS) considera que con una nueva regulación, las instituciones pueden seguir creciendo con ayuda de la regulación y la tecnología.",Si,https://expansion.mx/economia/2024/09/18/sofipos-ven-oportunidades-en-su-figura-a-pesar-de-la-migracion-bancaria,"Wed, 18 Sep 2024 11:05:55 GMT"
Expansión - Economía,Las Afores registran ganancias en agosto; las más altas en 9 meses,"Las Afores registraron plusvalías de 231,284.6 millones de pesos en agosto, el monto más alto desde noviembre del año pasado.",Si,https://expansion.mx/economia/2024/09/17/afores-plusvalias-record-2024,"Wed, 18 Sep 2024 01:36:02 GMT"
Expansión - Economía,Estos son las mercancías que más importa México desde el exterior,"Los países a los que más le compra México son Estados Unidos, que representa casi 43% del total de las importaciones, seguido por China, con 20% y Japón, con 3%.",Si,https://expansion.mx/economia/2024/09/17/estos-son-las-mercancias-que-mas-importa-mexico-desde-el-exterior,"Tue, 17 Sep 2024 20:12:56 GMT"
Expansión - Economía,"El SAT obtiene 191,506 mdp por eficiencia recaudatoria en 2024","La mayor eficiencia recaudatoria se debe principalmente a los programas Cumplimiento de Obligaciones, Vigilancia Profunda y Cobranza Coactiva.",Si,https://expansion.mx/economia/2024/09/17/sat-obtiene-191-506-mdp-por-eficiencia-recaudatoria,"Tue, 17 Sep 2024 20:09:55 GMT"
Expansión - Economía,Los Cetes reducen rendimiento previo a decisión de Banxico,"La próxima semana, el Banco de México (Banxico) dará a conocer su decisión de política monetaria y los Cetes disminuyeron los rendimientos en todos los plazos.",Si,https://expansion.mx/economia/2024/09/17/rendimientos-cetes-disminuyen,"Tue, 17 Sep 2024 19:14:11 GMT"
Expansión - Economía,El gobierno de Sheinbaum necesitará una nueva política para atraer inversiones,"Consumada la desaparición de ProMéxico, los esfuerzos por atraer inversión extranjera se dividieron. Los especialistas cuestionan si con un ente líder podría lograrse aún más.",Si,https://expansion.mx/economia/2024/09/17/sheinbaum-y-nearshoring-fortalecer-inversion-extranjera,"Tue, 17 Sep 2024 11:05:40 GMT"
Expansión - Economía,México y EU acuerdan que Sader supervise el aguacate para exportación,Los gobiernos de México y Estados Unidos acordaron esta transferencia de responsabilidades para agilizar el comercio.,Si,https://expansion.mx/economia/2024/09/16/mexico-y-eu-acuerdan-que-sader-supervise-el-aguacate-para-exportacion,"Mon, 16 Sep 2024 22:49:59 GMT"
Expansión - Economía,No todo es T-MEC; estos son los tratados comerciales que aguardan a Ebrard,"México tiene el potencial de ampliar y diversificar sus exportaciones, al menos en cinco tratados, además del que tiene con Estados Unidos y Canadá.",Si,https://expansion.mx/economia/2024/09/16/no-todo-t-mec-otros-tratados-aguardan-marcelo-ebrard,"Mon, 16 Sep 2024 12:06:36 GMT"
Expansión - Economía,"Instituciones de crédito en incertidumbre por la Reforma Judicial, dice Moody’s",Las pequeñas y medianas empresas enfrentarán una desaceleración en los créditos dada la falta de certeza jurídica para las instituciones financieras no bancarias.,Si,https://expansion.mx/economia/2024/09/14/instituciones-credito-incertidumbre-reforma-judicial-moodys,"Sat, 14 Sep 2024 18:44:39 GMT"
Expansión - Economía,Las sequías impactan el precio y peso de la carne de res: Banxico,El Banco de México destacó que las sequías provocan que los productores de carne sacrifiquen al ganado antes de tiempo para que no pierdan peso; lo que llega a provocar inflación en el mediano plazo.,Si,https://expansion.mx/economia/2024/09/13/banxico-advierte-impacto-sequias-carne-de-res,"Fri, 13 Sep 2024 19:04:08 GMT"
Expansión - Economía,HR Ratings baja previsión de crecimiento a 1.4% para México en 2024,"La agencia calificadora ve un ambiente de incertidumbre por el cambio de administración y las reformas de AMLO, por lo que también recortó su pronóstico para 2025.",Si,https://expansion.mx/economia/2024/09/13/hr-ratings-baja-prevision-crecimiento-a-1-4-para-mexico,"Fri, 13 Sep 2024 18:41:35 GMT"
Expansión - Economía,Gasolina Magna va por su segunda semana sin subsidios,"Durante la semana del 14 al 20 de septiembre, los consumidores pagarán 6.1752 pesos por el Impuesto Especial sobre Producción y Servicios (IEPS) por litro de gasolina regular.",Si,https://expansion.mx/economia/2024/09/13/hacienda-quita-subsidio-gasolina-magna-segunda-semana,"Fri, 13 Sep 2024 18:11:46 GMT"
Expansión - Economía,Banxico proyecta apogeo del nearshoring en México entre 2026 y 2030,"En una encuesta de Banco de México, el 41.3% de las empresas consultadas estima que el mayor beneficio del proceso de relocalización se dará durante ese periodo.",Si,https://expansion.mx/economia/2024/09/13/banxico-proyecta-apogeo-del-nearshoring-en-mexico-entre-2026-y-2030,"Fri, 13 Sep 2024 11:05:42 GMT"
Expansión - Economía,Fitch y S&P descartan degradar calificación de México por reforma judicial,Las agencias calificadoras ven finanzas sólidas y esperan una prudencia fiscal con Claudia Sheinbaum.,Si,https://expansion.mx/economia/2024/09/12/descartan-degradar-calificacion-mexico-reforma-judicial,"Fri, 13 Sep 2024 00:04:27 GMT"
Expansión - Economía,"Él es Antonio Martínez Dagnino, jefe del SAT en el gobierno de Sheinbaum","Antonio Martínez Dagnino llegó a la jefatura del SAT en octubre del 2022, luego de que Raquel Buenrostro pasara a tomar el liderazgo en la Secretaría de Economía.",Si,https://expansion.mx/economia/2024/09/12/quien-es-antonio-martinez-dagnino,"Thu, 12 Sep 2024 21:48:04 GMT"
Expansión - Economía,"De Pemex a Infonavit, él es Octavio Romero Oropeza","La presidenta electa, Claudia Sheinbaum, dio a conocer que Romero Oropeza estará al frente del Instituto del Fondo Nacional de la Vivienda para los Trabajadores.",Si,https://expansion.mx/economia/2024/09/12/octavio-romero-oropeza-infonavit-pemex-claudia-sheinbaum,"Thu, 12 Sep 2024 20:35:18 GMT"
Expansión - Economía,BBVA advierte que reforma al Poder Judicial socava el Estado de derecho,Un análisis del banco considera que las perspectivas de crecimiento económico de México también pueden deteriorarse.,Si,https://expansion.mx/economia/2024/09/12/bbva-advertencia-reforma-poder-judicial,"Thu, 12 Sep 2024 17:15:40 GMT"
Expansión - Economía,El papel de la economía del bienestar en los gobiernos modernos,"La economía del bienestar prioriza la salud y la felicidad de las personas, colocando estos valores al mismo nivel, o incluso por encima, de los indicadores económicos tradicionales como el PIB.",Si,https://expansion.mx/economia/2024/09/12/el-papel-de-la-economia-del-bienestar-en-los-gobiernos-modernos,"Thu, 12 Sep 2024 12:03:53 GMT"
Expansión - Economía,"Los salarios, programas sociales y remesas mantienen el consumo en México","Pese a la inflación y mayor tasa de interés, el consumo privado en México ha sido un pilar para la economía, pero a esta tendencia le queda poco tiempo, advierten analistas.",Si,https://expansion.mx/economia/2024/09/12/inflacion-y-tasas-de-interes-consumo-en-mexico-se-mantiene,"Thu, 12 Sep 2024 11:05:27 GMT"
Expansión - Economía,Moody's prevé que reforma judicial debilite la calidad crediticia de México,"Los cambios en el sistema judicial perjudicarían a las futuras inversiones en nearshoring, dice la agencia calificadora.",Si,https://expansion.mx/economia/2024/09/11/moodys-reforma-judicial-calificacion-mexico,"Thu, 12 Sep 2024 01:55:00 GMT"
Expansión - Economía,Coparmex advierte que reforma judicial afectará proyectos clave para la economía,"El organismo empresarial lamenta la aprobación en el Senado de la República, señaló que es una decisión que no tomó en cuenta las diferentes voces.",Si,https://expansion.mx/economia/2024/09/11/reforma-judicial-coparmex,"Wed, 11 Sep 2024 23:41:57 GMT"
Expansión - Economía,El peso mexicano se mantiene bajo las 20 unidades por dólar,"Tras la aprobación de la reforma judicial y la baja en la inflación en EU, la moneda se apreció 1.48% frente a las 20.09 unidades por dólar reportadas al cierre del martes.",Si,https://expansion.mx/economia/2024/09/11/peso-mexicano-a-dolar-hoy-11-septiembre-cierre,"Wed, 11 Sep 2024 22:15:39 GMT"
Expansión - Economía,México va a facilitar y respaldar inversiones de EU: Marcelo Ebrard,"Luego de aprobada la reforma judicial, el próximo secretario de Economía revivió y posteó un video en redes sociales en el que dice que la integración de las dos economías avanza a paso acelerado.",Si,https://expansion.mx/economia/2024/09/11/marcelo-ebrard-facilitara-y-respaldara-inversiones-eu,"Wed, 11 Sep 2024 16:14:02 GMT"
Expansión - Economía,La inversión extranjera cae en los estados más “atractivos” para el nearshoring,"La falta de energía eléctrica, escasez de agua y mano de obra, además de una infraestructura rebasada para el transporte le ponen freno a las decisiones de inversión.",Si,https://expansion.mx/economia/2024/09/11/cae-inversion-extranjera-en-estados-norte-nearshoring,"Wed, 11 Sep 2024 11:05:52 GMT"
Expansión - Economía,"Comce espera inversiones por 48,000 mdd, pese a reforma judicial","El presidente del Consejo Empresarial Mexicano de Comercio Exterior destacó que prevén que la Inversión Extranjera Directa cierre 2024 en 40,000 millones de dólares, 11% más respecto a 2023.",Si,https://expansion.mx/economia/2024/09/10/comce-inversiones-reforma-judicial,"Tue, 10 Sep 2024 21:41:50 GMT"
Expansión - Economía,"La inflación cede, pero Banxico enfrenta más retos para bajar tasa de interés",La volatilidad en el tipo de cambio generada por el avance de la reforma judicial representa un freno al banco central para  bajar la tasa de interés de referencia.,Si,https://expansion.mx/economia/2024/09/10/inflacion-cede-banxico-enfrenta-retos-antes-de-bajar-tasas,"Tue, 10 Sep 2024 20:37:05 GMT"
Expansión - Economía,Los rendimientos de los Cetes tocan su nivel más bajo desde enero,Los rendimientos de los Cetes a 28 días tuvieron la tasa más baja desde enero pasado ante la expectativa de que Banxico haga más recortes a la tasa de referencia.,Si,https://expansion.mx/economia/2024/09/10/cetes-rendimiento-bajo-28-dias-caen,"Tue, 10 Sep 2024 18:56:01 GMT"
Expansión - Economía,Mexico necesita una política industrial acorde a la economía actual: IMCO,"El centro de investigación apunta que en los últimos 20 años, el valor agregado a la producción de exportaciones manufactureras se ha estancado.",Si,https://expansion.mx/economia/2024/09/10/mexico-politica-industrial-economia-imco,"Tue, 10 Sep 2024 18:28:03 GMT"
Expansión - Economía,¿Cuánto deben pagarte si trabajas el lunes 16 de septiembre?,"En el caso de que tu patrón no siga lo que marca la legislación mexicana, podrás denunciarlo ante la Profedet. Aprende a calcular cuánto deben pagarte y en dónde denunciar si no respetan tus derechos.",Si,https://expansion.mx/economia/2024/09/10/cuanto-deben-pagarte-si-trabajas-el-lunes-16-de-septiembre,"Tue, 10 Sep 2024 16:38:29 GMT"
Expansión - Economía,Empresarios exigen a senadores de oposición mantenerse contra reforma judicial,"La Coparmex hace un llamado a los 43 senadores a resistir las ""presiones externas"".",Si,https://expansion.mx/economia/2024/09/09/empresarios-senadores-oposicion-reforma-judicial,"Tue, 10 Sep 2024 01:30:18 GMT"
Expansión - Economía,La recaudación de impuestos sube 6% entre enero y agosto,"En los primeros ocho meses del 2024, la recaudación de impuestos por parte del Servicio de Administración Tributaria sumó 3.338 billones de pesos.",Si,https://expansion.mx/economia/2024/09/09/recaudacion-de-impuestos-sube-entre-enero-y-agosto,"Mon, 09 Sep 2024 23:16:02 GMT"
Expansión - Economía,"La reforma judicial le pone cautela a las inversiones, advierte sector privado","La paulatina terminación de los proyectos del gobierno y la creciente incertidumbre política reciente, ha deteriorado rápidamente el dinamismo de la inversión, refiere el CEESP.",Si,https://expansion.mx/economia/2024/09/09/reforma-judicial-cautela-inversiones-advierte-sector-privado,"Mon, 09 Sep 2024 20:46:22 GMT"
Expansión - Economía,La inflación se desacelera; subyacente toca su menor nivel desde febrero de 2021,"En agosto, la inflación general perdió ritmo al llegar a 4.99%, informó el Inegi.",Si,https://expansion.mx/economia/2024/09/09/inflacion-agosto-2024-inegi,"Mon, 09 Sep 2024 12:49:14 GMT"
Expansión - Economía,Predomina el pago de deuda frente a la inversión en infraestructura,La actual administración rompió con una tendencia que predominaba desde 2007: mayor gasto para inversión física que para el pago de los intereses de la deuda.,Si,https://expansion.mx/economia/2024/09/09/predomina-el-pago-de-deuda-frente-a-la-inversion-en-infraestructura,"Mon, 09 Sep 2024 11:05:33 GMT"
Expansión - Economía,Janet Yellen dice que su retiro puede llegar en enero,"La secretaria del Tesoro dijo que, en lo que termina la administración de Joe Biden, quiere tener otra reunión con el viceprimer ministro chino He Lifeng.",Si,https://expansion.mx/economia/2024/09/07/yellen-puede-retirarse-servicio-publico-enero,"Sat, 07 Sep 2024 23:28:11 GMT"
Expansión - Economía,China niega ser una amenaza para EU,El gigante asiático externó su preocupación por cuestiones como los aranceles estadounidenses sobre los productos chinos.,Si,https://expansion.mx/economia/2024/09/07/china-oportunidad-eu-aranceles-dialogo,"Sat, 07 Sep 2024 15:31:10 GMT"
Expansión - Economía,Los usuarios de banca móvil aumentan 11% en primer semestre de 2024,La Comisión Nacional Bancaria y de Valores (CNBV) informó que en el primer semestre del año hubo 61 millones de personas usando la banca móvil.,Si,https://expansion.mx/economia/2024/09/06/usuarios-banca-movil-en-mexico-2024-cnbv,"Fri, 06 Sep 2024 22:50:47 GMT"
Expansión - Economía,Gasolina Magna va por su segunda semana sin subsidio,Las cuotas para el fin de semana largo por las fiestas patrias para el litro de la gasolina regular será de 6.17 pesos.,Si,https://expansion.mx/economia/2024/09/06/hacienda-subsidios-gasolinas-premium-magna-diesel,"Fri, 06 Sep 2024 18:18:10 GMT"
Expansión - Economía,Legisladores de EU urgen garantía de que reformas de AMLO no violen el T-MEC,Un decena de congresistas de Estados Unidos solicitó a su representante comercial Katherine Tai una rápida interacción con el gobierno de México para comunicar sus inquietudes.,Si,https://expansion.mx/economia/2024/09/05/legisladores-eu-urgen-garantia-reformas-amlo-no-violen-t-mec,"Thu, 05 Sep 2024 20:59:39 GMT"
Expansión - Tecnología,YouTube presenta IA para hacer videos y ganar ‘más’ dinero,La empresa llevo a cabo Made on YouTube un evento donde también señaló que el número de creadores que obtienen la mayor parte de sus ingresos viene de TV.,Si,https://expansion.mx/tecnologia/2024/09/18/youtube-presenta-ia-para-hacer-videos-y-ganar-mas-dinero,"Wed, 18 Sep 2024 21:00:56 GMT"
Expansión - Tecnología,La IA generativa transforma la operación y los ingresos empresariales,"El uso de IA generativa ha crecido en diversos sectores, impulsando la innovación y facilitando nuevas formas de operar en las organizaciones.",Si,https://expansion.mx/tecnologia/2024/09/18/ia-generativa-transforma-operacion-e-ingresos-empresariales,"Wed, 18 Sep 2024 20:18:50 GMT"
Expansión - Tecnología,Amazon agrega a PayPal como método de pago en pedidos de Comprar con Prime,"Esta nueva opción estará disponible para los usuarios que realicen compras en sitios web de terceros, con membresía Prime.",Si,https://expansion.mx/tecnologia/2024/09/18/amazon-agrega-a-paypal-como-metodo-de-pago-prime,"Wed, 18 Sep 2024 17:27:37 GMT"
Expansión - Tecnología,CFE Telecom perfila a nuevo CEO para impulsar el proyecto de internet,"Según dos fuentes con conocimiento del tema, al interior de la compañía se ha puesto sobre la mesa el nombre de Emilio Calderón Mercado para ser el nuevo CEO de la estatal de telecomunicaciones.",Si,https://expansion.mx/tecnologia/2024/09/18/nuevo-director-genera-general-de-cfe-telecom-quien-suena,"Wed, 18 Sep 2024 17:00:23 GMT"
Expansión - Tecnología,"Google se salva de una multa antimonopolio de 1,670 mmd",El caso comenzó por un supuesto dominio anticompetitivo de la empresa en el mercado de la publicidad en línea.,Si,https://expansion.mx/tecnologia/2024/09/18/google-se-salva-de-una-multa-presunto-monopolio,"Wed, 18 Sep 2024 15:00:18 GMT"
Expansión - Tecnología,El e-commerce chino conquista las bolsas de valores,"Los dueños de Alibaba, Temu y JD conquistan el e-commerce del mundo, mientras diversifican sus negocios.",Si,https://expansion.mx/tecnologia/2024/09/18/el-e-commerce-chino-conquista-las-bolsas-de-valores,"Wed, 18 Sep 2024 11:29:58 GMT"
Expansión - Tecnología,¿Cómo funciona el canje de teléfonos de Mercado Libre?,"Mercado Libre lanzó un nuevo programa llamado Trade in smartphones, con el que puedes canjear tu antiguo celular por un modelo nuevo.",Si,https://expansion.mx/tecnologia/2024/09/17/canje-de-telefonos-mercado-libre,"Wed, 18 Sep 2024 01:24:09 GMT"
Expansión - Tecnología,Malware en Android permite retirar dinero desde cajeros automáticos,"NGate clona datos NFC de tarjetas de pago y los retransmite a un atacante, quien emula la tarjeta original para realizar retiros de dinero en cajeros automáticos.",Si,https://expansion.mx/tecnologia/2024/09/17/malware-android-clona-tarjetas-retira-dinero-de-cajeros,"Wed, 18 Sep 2024 00:17:31 GMT"
Expansión - Tecnología,"Uber y Didi operan en los mismos sitios del AICM, pese a restricciones",Los usuarios continúan pidiendo el servicio de taxis por aplicación y Uber apunta que continuará operando con regularidad.,Si,https://expansion.mx/tecnologia/2024/09/17/uber-didi-operan-aicm-pese-a-restricciones,"Tue, 17 Sep 2024 23:00:41 GMT"
Expansión - Tecnología,TikTok vs EU: una historia de antaño que no tiene fin claro,"Aunque la prohibición llegaría en enero de 2025, la empresa interpuso una demanda para evitar su restricción, mientras que los candidatos a la presidencia tampoco la quieren bloquear.",Si,https://expansion.mx/tecnologia/2024/09/17/tiktok-vs-eu-una-historia-de-antano-que-no-tiene-fin-claro,"Tue, 17 Sep 2024 21:00:35 GMT"
Expansión - Tecnología,Cómo crear un diario personal con la IA de WhatsApp,"La inteligencia artificial de WhatsApp, Meta AI, puede aprovecharse para realizar y simplificar diferentes tareas. Aquí te explicamos cómo crear un diario personal",Si,https://expansion.mx/tecnologia/2024/09/17/diario-personal-ia-whatsapp,"Tue, 17 Sep 2024 20:41:05 GMT"
Expansión - Tecnología,Alerta sísmica llegará a los teléfonos el próximo 19 de septiembre: IFT,"Telcel, AT&amp;T, Telefónica y Bait comenzarán a enviar notificaciones de emergencia  por sismos, huracanes o inundaciones en celulares.",Si,https://expansion.mx/tecnologia/2024/09/17/ift-mensaje-celulares-simulacro-nacional,"Tue, 17 Sep 2024 19:05:31 GMT"
Expansión - Tecnología,"iOS 18, qué incluye esta nueva versión y cómo actualizar tu iPhone","Aunque todavía no se ha integrado Apple Intelligence, esta actualización al sistema operativo integra una serie de mejoras.",Si,https://expansion.mx/tecnologia/2024/09/17/ios-18-que-incluye-esta-nueva-version-y-como-actualizar-tu-iphone,"Tue, 17 Sep 2024 19:00:57 GMT"
Expansión - Tecnología,Ahora los usuarios de Uber también deberán verificar su identidad,"Uber implementará una nueva verificación de identidad para los pasajeros, con el objetivo de ofrecer mayor seguridad a los conductores y evitar fraudes en la plataforma.",Si,https://expansion.mx/tecnologia/2024/09/17/usuarios-de-uber-tambien-deberan-verificarse,"Tue, 17 Sep 2024 17:41:51 GMT"
Expansión - Tecnología,Intel y Amazon firman acuerdo comercial y el mercado lo recibe bien,Las empresas de tecnología trabajarán en conjunto una coinversión en diseños de chip personalizados para el negocio de nube de la big tech: AWS.,Si,https://expansion.mx/tecnologia/2024/09/17/intel-amazon-acuerdo-comercial-mercado-recibe-bien,"Tue, 17 Sep 2024 17:00:15 GMT"
Expansión - Tecnología,OpenAI crea una junta de seguridad capaz de detener nuevos lanzamientos,"La empresa busca mejorar sus procesos de protección, confianza y transparencia en medio de la búsqueda de una nueva ronda de financiación multimillonaria.",Si,https://expansion.mx/tecnologia/2024/09/17/openai-crea-una-junta-de-seguridad-capaz-de-detener-nuevos-lanzamientos,"Tue, 17 Sep 2024 15:10:26 GMT"
Expansión - Tecnología,Instagram lanza cuenta para adolescentes con controles parentales,Los usuarios menores de 16 años sólo podrán recibir mensajes y ser etiquetados por cuentas a las que sigan o con las que ya estén conectados.,Si,https://expansion.mx/tecnologia/2024/09/17/instagram-lanza-cuenta-para-adolescentes,"Tue, 17 Sep 2024 14:10:35 GMT"
Expansión - Tecnología,¿El servicio al cliente en manos de la IA es mejor que los humanos?,Más de la mitad de los profesionales de servicio al cliente ya ocupan algún software impulsado por IA y se espera que continúe creciendo.,Si,https://expansion.mx/tecnologia/2024/09/17/servicio-cliente-ia-es-mejor-que-los-humanos,"Tue, 17 Sep 2024 11:59:44 GMT"
Expansión - Tecnología,Intel aplaza el proyecto para instalar fábricas en Alemania y Polonia,"El anuncio se presenta después de que se revelara que la empresa recibirá hasta 3,000 millones de dólares del gobierno estadounidense para fabricar semiconductores.",Si,https://expansion.mx/tecnologia/2024/09/16/intel-aplaza-el-proyecto-para-instalar-fabricas-en-alemania-y-polonia,"Tue, 17 Sep 2024 00:09:29 GMT"
Expansión - Tecnología,Amazon se despide del home office: sus empleados regresan a la oficina en 2025,"Las empresas han permitido que muchos empleados trabajen desde casa desde la pandemia, lo que ha dejado las oficinas casi vacías en varias ciudades como San Francisco y Seattle.",Si,https://expansion.mx/tecnologia/2024/09/16/amazon-se-despide-del-home-office-sus-empleados-regresan-a-la-oficina-en-2025,"Mon, 16 Sep 2024 21:04:45 GMT"
Expansión - Tecnología,Rappi considera debutar en la Bolsa de Nueva York en un año,"Rappi opera en nueve países de la región y es considerada como un unicornio tecnológico con una valoración que supera los 5,000 millones de dólares.",Si,https://expansion.mx/tecnologia/2024/09/16/rappi-considera-debutar-en-la-bolsa-de-nueva-york-en-un-ano,"Mon, 16 Sep 2024 20:00:43 GMT"
Expansión - Tecnología,TikTok y el Departamento de Justicia se enfrentan en los tribunales de EU,Los abogados de TikTok se enfrentarán al Departamento de Justicia en un tribunal de Washington sobre el destino de una ley que podría prohibir la aplicación de vídeos cortos.,Si,https://expansion.mx/tecnologia/2024/09/16/tiktok-y-el-departamento-de-justicia-se-enfrentan-en-los-tribunales-de-eu,"Mon, 16 Sep 2024 17:44:38 GMT"
Expansión - Tecnología,¿Cómo beneficiaría a Altán Redes la desaparición del IFT?,"Con la eliminación del IFT, el Ejecutivo tendría la facultad para adjudicar directamente espectro a Altán para el plan de cierre de brecha digital y para volverse  más competitiva ante AT&amp;T y Telcel.",Si,https://expansion.mx/tecnologia/2024/09/14/como-beneficiaria-a-altan-redes-la-desaparicion-del-ift,"Sat, 14 Sep 2024 16:58:53 GMT"
Expansión - Tecnología,Telefónica y Megacable aplican medidas de seguridad en Culiacán,Las compañías de telecomunicaciones decidieron modificar la operación de sus sucursales para garantizar la seguridad de sus trabajadores en la entidad que ha sido azotada por la violencia.,Si,https://expansion.mx/tecnologia/2024/09/13/telefonica-y-megacable-aplican-medidas-de-seguridad-en-culiacan,"Sat, 14 Sep 2024 00:27:34 GMT"
Expansión - Tecnología,"Intel logra acuerdo de 3,500 mdd para fabricar chips para el ejército","Se trata de un programa secreto, llamado Secure Enclave, que busca establecer la producción de chips avanzados con aplicaciones militares y de Inteligencia.",Si,https://expansion.mx/tecnologia/2024/09/13/intel-logra-acuerdo-de-3-500-mdd-para-fabricar-chips-para-el-ejercito,"Fri, 13 Sep 2024 23:52:53 GMT"
Expansión - Tecnología,Brasil desbloquea cuentas de Starlink y X tras transferencia de 3 mdd,El juez del Supremo Tribunal dijo que el levantamiento se ordenó porque la cantidad transferida a las arcas de Brasil alcanzaba el total que X debía al país en concepto de multas.,Si,https://expansion.mx/tecnologia/2024/09/13/brasil-desbloquea-cuentas-starlink-x-transferencia-3-mdd,"Fri, 13 Sep 2024 22:30:59 GMT"
Expansión - Tecnología,¿Cuánto me da Apple por mi iPhone para abonar en la compra de uno nuevo?,"El programa Trade In recibe equipos desde el iPhone SE 2020 hasta el 15 Pro Max, con una bonificación máxima de 20,000 pesos.",Si,https://expansion.mx/tecnologia/2024/09/13/cuanto-me-da-apple-por-mi-iphone-compra-nuevo,"Fri, 13 Sep 2024 21:15:09 GMT"
Expansión - Tecnología,Telmex suspende la atención de quejas y de Centros de servicios en Culiacán,"El Sindicato de Telefonistas dijo que debido a los enfrentamientos armados en la entidad, se decidió no abrir las tiendas, ni los centros de trabajo para resguardar la integridad de sus técnicos.",Si,https://expansion.mx/tecnologia/2024/09/13/telmex-suspende-la-atencion-de-quejas-y-de-centros-de-servicios-en-culiacan,"Fri, 13 Sep 2024 17:20:31 GMT"
Expansión - Tecnología,¿Cómo usar las nuevas funciones de texto de Instagram?,"Las nuevas herramientas de texto incluyen más fuentes y efectos, así como la posibilidad de agregar texto superpuesto en publicaciones del feed.",Si,https://expansion.mx/tecnologia/2024/09/13/nuevas-herramientas-de-texto-instagram,"Fri, 13 Sep 2024 15:30:44 GMT"
Expansión - Tecnología,Líderes tecnológicos  acudirán a la Casa Blanca para hablar de IA: CNN,Funcionarios de alto rango y líderes tecnológicos se darán cita para hablar de los recursos energéticos y la infraestructura necesarios para impulsar esta herramienta.,Si,https://expansion.mx/tecnologia/2024/09/12/lideres-tecnologicos-casa-blanca-ia,"Thu, 12 Sep 2024 22:00:12 GMT"
Expansión - Tecnología,"OpenAI lanza una nueva serie de modelos de IA con capacidad de ""razonamiento""",El modelo conocido internamente como strawberry tuvo altas calificaciones en pruebas de matemáticas y codificación. Pero la empresa reconoce que aún puede dar respuestas limitadas.,Si,https://expansion.mx/tecnologia/2024/09/12/openai-lanza-una-nueva-serie-de-modelos-de-ia-con-capacidad-de-razonamiento,"Thu, 12 Sep 2024 21:53:45 GMT"
Expansión - Tecnología,La UE ahora va por empresas de videojuegos,"Después de tener un foco en torno a las big tech, el organismo regulador busca esclarecer prácticas de compañías como Fortnite.",Si,https://expansion.mx/tecnologia/2024/09/12/la-ue-ahora-va-por-empresas-de-videojuegos,"Thu, 12 Sep 2024 20:00:33 GMT"
Expansión - Tecnología,"La escritura manual de código tiene los días contados, vaticina el CEO de NVIDIA","Jensen Huang explicó que sus 32,000 ingenieros de software estarán acompañados de 100 veces más asistentes digitales, las 24 horas del día, los 7 días de la semana.",Si,https://expansion.mx/tecnologia/2024/09/12/ceo-nvidia-vaticina-escritura-codigo-tiene-dias-contados,"Thu, 12 Sep 2024 19:34:15 GMT"
Expansión - Tecnología,"""Es precioso"", SpaceX logra la primera caminata espacial privada",Dos de los tripulantes de la misión Polaris Dawn lograron completar el hito de la primera caminata espacial privada de la historia.,Si,https://expansion.mx/tecnologia/2024/09/12/spacex-primera-caminata-espacial-privada,"Thu, 12 Sep 2024 18:00:27 GMT"
Expansión - Tecnología,La reforma judicial amenaza inversiones y desarrollo de las telecomunicaciones,"La reforma plantea elegir jueces sin un perfil técnico, pero expertos aseguran que esto traerá problemas regulatorios e incluso el riesgo de contar con juzgadores con fines políticos.",Si,https://expansion.mx/tecnologia/2024/09/12/telecomunicaciones-en-peligro-cambios-reforma-judicial,"Thu, 12 Sep 2024 15:14:47 GMT"
Expansión - Tecnología,La UE logra victoria judicial frente a Apple y Google,"La UE logró dos importantes victorias judiciales contra los gigantes tecnológicos Apple y Google, en batallas legales decididas por el máximo tribunal del bloque.",Si,https://expansion.mx/tecnologia/2024/09/12/ue-victoria-judicial-frente-apple-y-google,"Thu, 12 Sep 2024 15:00:31 GMT"
Expansión - Tecnología,"Xbox anuncia nueva ronda de despidos, ahora serán 650 colaboradores","La tecnológica tuvo una reestructura tras la adquisición de Activision Blizzard, ahora hará un nuevo ajuste.",Si,https://expansion.mx/tecnologia/2024/09/12/microsoft-despidos-masivos-650-trabajadores-de-xbox,"Thu, 12 Sep 2024 13:57:10 GMT"
Expansión - Tecnología,"Cómo borrar todas las publicaciones de tu perfil de Facebook, paso a paso",Muchas personas desean eliminar publicaciones antiguas de su perfil por diversas razones. Te mostramos cómo hacerlo de forma rápida.,Si,https://expansion.mx/tecnologia/2024/09/11/como-borrar-todas-las-publicaciones-de-facebook,"Wed, 11 Sep 2024 23:37:21 GMT"
Expansión - Tecnología,IFT multa a Telcel con 90.6 mdp por evitar la venta de SIM de sus competidores,"El regulador detalló que la práctica anticompetitiva fue realizada con un distribuidor en estados de Michoacán, Colima y Jalisco y consistió en evitar la venta de SIM y recargas móviles.",Si,https://expansion.mx/tecnologia/2024/09/11/practicas-monopolicas-telcel-ift-multa,"Wed, 11 Sep 2024 22:25:20 GMT"
Expansión - Tecnología,Panasonic pone fin a 37 años como patrocinador de los Juegos Olímpicos,La empresa de tecnología se convirtió en socio oficial de los Juegos Olímpicos en 1987 y amplió su asociación a los Paralímpicos a partir de 2014. Pero esta historia llego a su fin.,Si,https://expansion.mx/tecnologia/2024/09/11/panasonic-patrocinador-principal-olimpicos,"Wed, 11 Sep 2024 21:00:17 GMT"
Expansión - Tecnología,Cabify le dice adiós a México,La empresa de origen español afirma que su modelo de negocio no ha funcionado como era esperado en el mercado mexicano.,Si,https://expansion.mx/tecnologia/2024/09/11/cabify-le-dice-adios-a-mexico,"Wed, 11 Sep 2024 17:39:29 GMT"
Expansión - Tecnología,¿Para qué sirve el nuevo botón del iPhone 16?,El nuevo dispositivo de Apple ya integra la Inteligencia Artificial y cuenta con un nuevo botón que ayudará mucho a los fanáticos de las selfies.,Si,https://expansion.mx/tecnologia/2024/09/11/iphone-16-para-que-sirve-el-nuevo-boton,"Wed, 11 Sep 2024 16:32:56 GMT"
Expansión - Tecnología,Espionaje digital amenaza a voces críticas de acuerdo a reporte de Google,"Google apunta que desde 2020, grupos de ciberespionaje de más de 10 países han atacado a usuarios en México, sin embargo no hablaron sobre nombres de software en concreto.",Si,https://expansion.mx/tecnologia/2024/09/11/google-detecta-ciberespionaje-amenaza-a-voces-criticas,"Wed, 11 Sep 2024 15:00:45 GMT"
Expansión - Tecnología,"La integración de la IA llegó a tu hogar, ¿pero es necesaria?","La hiper personalización de la tecnología no solo impacta en la industria de smartphones, pues el hogar se ha vuelto una mina de datos.",Si,https://expansion.mx/tecnologia/2024/09/11/integracion-de-ia-hogar-de-verdad-es-necesaria,"Wed, 11 Sep 2024 11:29:15 GMT"
Expansión - Tecnología,YouTube: un camaleón que se mueve rápido,"Neal Mohan, CEO de YouTube, cuenta a Expansión los retos que enfrenta la empresa en un entorno cada vez más competitivo.",Si,https://expansion.mx/tecnologia/2024/09/10/entrevista-neal-mohan-ceo-youtube,"Tue, 10 Sep 2024 23:22:49 GMT"
La Jornada: Deportes,Adiós al Toto schillaci,,Deportes,https://www.jornada.com.mx/2024/09/19/deportes/a12n3dep?partner=rss,"Thu, 19 Sep 2024 11:06:07 GMT"
La Jornada: Deportes,Busco una dupla que comparta el sueño de ir por una presea a Los Ángeles: Agúndez,A Gabriela Agúndez y Alejandra Orozco les llevó meses acoplarse como pareja en la platafor-ma sincronizada. Horas de entrenamiento y disciplina que se tradujeron en un bronce olímpico en Tokio 2020.,Deportes,https://www.jornada.com.mx/2024/09/19/deportes/a11n2dep?partner=rss,"Thu, 19 Sep 2024 11:06:07 GMT"
La Jornada: Deportes,Chivas gana 2-0 a León,,Deportes,https://www.jornada.com.mx/2024/09/19/deportes/a34n1dep?partner=rss,"Thu, 19 Sep 2024 11:06:07 GMT"
La Jornada: Deportes,Medallistas piden a Rommel diálogo directo y terminar con las divisiones,Un nuevo ciclo está por comenzar en el deporte amateur en México.,Deportes,https://www.jornada.com.mx/2024/09/19/deportes/a11n1dep?partner=rss,"Thu, 19 Sep 2024 11:06:07 GMT"
La Jornada: Deportes,Acusan a gigantes petroleros de lavar su imagen con patrocinios deportivos,"París. Los gigantes del petróleo y del gas inyectan al deporte mundial 5 mil 600 millones de dólares en el contexto de 205 acuerdos de patrocinio, según un estudio publicado ayer por la asociación New Weather Institute, que denuncia un sportswashing o lavado de imagen con el deporte.",Deportes,https://www.jornada.com.mx/2024/09/19/deportes/a12n1dep?partner=rss,"Thu, 19 Sep 2024 11:06:07 GMT"
La Jornada: Deportes,"OMS y FIFA, en campaña para atender conmociones cerebrales en el futbol","Ginebra. La FIFA y la Organización Mundial de la Salud (OMS) anunciaron ayer el lanzamiento de la campaña Sospechar y Proteger, que tiene como finalidad sensibilizar sobre las conmociones cerebrales en el futbol.",Deportes,https://www.jornada.com.mx/2024/09/19/deportes/a12n2dep?partner=rss,"Thu, 19 Sep 2024 11:06:07 GMT"
La Jornada: Deportes,Octagón: ídolo y sobreviviente ante adversidades en la lucha mexicana,"La batalla en la lucha libre a veces suele ser más complicada afuera del ring. Como uno de los pocos ídolos de su generación, Octagón ha sobrevivido a lesiones, contiendas legales y cambios de época, al tiempo que aho-ra abre una alternativa laboral para los gladiadores mientras lidera a la Asociación Nacional de Luchadores Profesionales Independientes en busca de mejoras para el gremio.",Deportes,https://www.jornada.com.mx/2024/09/19/deportes/a10n1dep?partner=rss,"Thu, 19 Sep 2024 11:06:07 GMT"
La Jornada: Economía,En agosto entraron capitales foráneos por 36.8 mil mdp,"En agosto pasado los inversionistas extranjeros compraron posiciones por 36 mil 800 millones de pesos en bonos respaldados por el gobierno mexicano, acumulando así un total de un billón 788 mil millones de pesos, muestra de que las reformas impulsadas por el gobierno no han provocado salida de capitales, reveló Intercam.",Economía,https://www.jornada.com.mx/2024/09/19/economia/021n3eco?partner=rss,"Thu, 19 Sep 2024 11:06:07 GMT"
La Jornada: Economía,"No hay pausa ni cancelación de inversiones, dice Ebrard","No hay pausa ni cancelación de inversiones en México, por el contrario, hay más interés, aseguró ayer Marcelo Ebrard, próximo titular de la Secretaría de Economía, mientras la presidenta electa, Claudia Shienbaum Pardo, aseguró que es falso que la reforma al Poder Judicial las alejará, como se dijo desde la iniciativa privada.",Economía,https://www.jornada.com.mx/2024/09/19/economia/021n1eco?partner=rss,"Thu, 19 Sep 2024 11:06:07 GMT"
La Jornada: Economía,Interrumpe el peso su racha ganadora; cierra en 19.29 por dólar,"Luego de cuatro cierres consecutivos al alza, la divisa mexicana registró una depreciación de 0.81 por ciento, equivalente a 15.42 centavos, para cerrar en 19.2941 pesos por dólar spot al cierre de una jornada marcada por la decisión de la Reserva Federal de elevar en medio punto su tasa de interés de referencia, a un rango de 4.75 a 5 por ciento.",Economía,https://www.jornada.com.mx/2024/09/19/economia/019n2eco?partner=rss,"Thu, 19 Sep 2024 11:06:07 GMT"
La Jornada: Economía,Nadie quiere que a México le vaya mal: Amcham,"Las inversiones no se han ido a otros países de América Latina por la aprobación de la reforma al Poder Judicial, sólo están esperando a que inicie el gobierno de la presidenta Claudia Sheinbaum Pardo, señalaron dirigentes del sector privado.",Economía,https://www.jornada.com.mx/2024/09/19/economia/021n2eco?partner=rss,"Thu, 19 Sep 2024 11:06:07 GMT"
La Jornada: Economía,Fallas de bancos en pagos a Tesorería no causan multas a usuarios: IMCP,"Las fallas en los sistemas tecnológicos del Servicio de Administración Tributaria (SAT) y de los bancos que reciben pagos para la Tesorería de la Federación pudieran forzar a los contribuyentes a entrar en litigios para defenderse del cobro de multas, de acuerdo con Rodolfo Servín, vicepresidente de relaciones y difusión del Instituto Mexicano de Contadores Públicos (IMCP).",Economía,https://www.jornada.com.mx/2024/09/19/economia/020n1eco?partner=rss,"Thu, 19 Sep 2024 11:06:07 GMT"
La Jornada: Economía,Presidencia envía iniciativa para extinguir fideicomiso del Tren Maya; recursos al AIFA,"Con objeto de unificar los fondos administrados por el Ejército para el Tren Maya, el presidente Andrés Manuel López Obrador envió una iniciativa a la Cámara de Diputados para que los ingresos por el cobro de derechos migratorios a extranjeros sin permiso para realizar actividades remuneradas que ingresen al país con fines turísticos, ya no se concentren en el fideicomiso que administra el Tren Maya, sino en el que opera el Aeropuerto Internacional Felipe Ángeles.",Economía,https://www.jornada.com.mx/2024/09/19/economia/022n1eco?partner=rss,"Thu, 19 Sep 2024 11:06:07 GMT"
La Jornada: Economía,Enrique Galván Ochoa: Dinero,"Faltan 11 días para que concluya el sexenio de Andrés Manuel López Obrador. La cuestión es si lo coronará sin una devaluación de la moneda. La recibió de Enrique Peña Nieto en 20.2 pesos por dólar, hoy se cotiza en 19.2 pesos. Es una diferencia pequeña, un peso, pero bastaría para convertirlo en el primer presidente de la historia que no depreció la moneda. Los mandatarios del prianismo, de Echeverria a Peña Nieto, han devaluado el peso en 100 mil por ciento. (gráfica). El desastre ha sido tan grande que Salinas de Gortari optó por maquillarlo y le quitó tres ceros, una de las ideas geniales de su secretario de Hacienda, Pedro Aspe.",Economía,https://www.jornada.com.mx/2024/09/19/opinion/008o1eco?partner=rss,"Thu, 19 Sep 2024 11:06:07 GMT"
La Jornada: Economía,"Un mexicano, al frente de TelevisaUnivisión","El mexicano Daniel Alegre fue designado este miércoles como nuevo director general de TelevisaUnivisión, la mayor empresa de medios y contenido en español del mundo, un puesto que ocupará a partir de este jueves, informó la compañía.",Economía,https://www.jornada.com.mx/2024/09/19/economia/021n4eco?partner=rss,"Thu, 19 Sep 2024 11:06:07 GMT"
La Jornada: Economía,PIB de Argentina se contrae 1.7% en el segundo trimestre  y se profundiza la recesión,"Buenos Aires. El producto interno bruto (PIB) de Argentina –la tercera mayor economía latinoamericana– cayó 1.7 por ciento en el segundo trimestre de este año en comparación al trimestre anterior, y con esta tercera contracción consecutiva se profundiza la recesión en el país sudamericano.",Economía,https://www.jornada.com.mx/2024/09/19/economia/022n2eco?partner=rss,"Thu, 19 Sep 2024 11:06:07 GMT"
La Jornada: Economía,Tupperware se declara en quiebra,,Economía,https://www.jornada.com.mx/2024/09/19/economia/021n5eco?partner=rss,"Thu, 19 Sep 2024 11:06:07 GMT"
La Jornada: Economía,Sorprende la Fed con recorte de medio punto en la tasa de interés,"Con la advertencia: “no estamos declarando la victoria sobre la inflación”, el banco central estadunidense decidió recortar en 0.5 puntos porcentuales el rango de la tasa de los fondos federales, la que determina el costo del crédito al que se financian empresas y personas, para ubicarla entre 4.75 y 5 por ciento.",Economía,https://www.jornada.com.mx/2024/09/19/economia/019n1eco?partner=rss,"Thu, 19 Sep 2024 11:06:07 GMT"
La Jornada: Economía,John Saxe-Fernández: Abismos nucleares,"Muchos analistas de  la realidad geopolítica e internacional señalan que estamos en un momento muy riesgoso por la intensificación bélica, acompañada del mayor gasto militar (1.1 millones de millones de dólares) históricamente detectado en la era moderna de nuestro tiempo. Como lo indiqué en otra oportunidad –JSF (2006) “Terror e Imperio”–, después de la Segunda Guerra Mundial y ante la amenaza recesiva de la paz, Washington acicateó la guerra fría y con ella el keynesianismo militar, que demostró que el papel político económico protagonizado por el sector bélico industrial no funcionó como se esperaba, pues se expandió a expensas del resto de la economía, a pesar de lo cual prevaleció.",Economía,https://www.jornada.com.mx/2024/09/19/economia/020a1eco?partner=rss,"Thu, 19 Sep 2024 11:06:07 GMT"
La Jornada: Economía,Carlos Fernández-Vega: México SA,"Un hecho  registrado casi 30 años pinta de cuerpo entero al “neodemócrata” Ernesto Zedillo, sus decisiones y beneficiarios. Ahora es reivindicado por la derecha autóctona, es decir, la misma que por estos días promueve la versión de que el ex inquilino de Los Pinos “salvó a la patria, y trabajó por el bien del país y el bienestar de los mexicanos”, algo que, dicho sea de paso, sólo creen sus acomodaticios promotores, enriquecidos a costillas de la nación.",Economía,https://www.jornada.com.mx/2024/09/19/opinion/022o1eco?partner=rss,"Thu, 19 Sep 2024 11:06:07 GMT"
La Jornada: Economía,Milei Sigue la labor de achicar el Estado,,Economía,https://www.jornada.com.mx/2024/09/19/economia/022n3eco?partner=rss,"Thu, 19 Sep 2024 11:06:07 GMT"
La Jornada: Ciencias,Los simios comprenden los gestos comunicativos de otros de su especie,"Madrid. Los simios pueden comprender los objetivos comunicativos que se esconden detrás de las acciones de los demás, una habilidad que antes se creía exclusiva de los humanos.",Ciencias,https://www.jornada.com.mx/2024/09/19/ciencias/a06n2cie?partner=rss,"Thu, 19 Sep 2024 11:06:07 GMT"
La Jornada: Ciencias,Descubren conjunto de agujeros negros con la mayor magnitud jamás vista,"Madrid. Astrónomos descubrieron el par de chorros de agujeros negros más grande jamás visto, con una longitud de 23 millones de años luz. Eso equivale a alinear 140 galaxias de la Vía Láctea una tras otra.",Ciencias,https://www.jornada.com.mx/2024/09/19/ciencias/a06n1cie?partner=rss,"Thu, 19 Sep 2024 11:06:07 GMT"
La Jornada: Cultura,Degradan discotecas  y restaurantes la zona arqueológica de Teotihuacan,"Teotihuacan, Méx., La falta de protección efectiva en torno a Teotihuacan ha resultado en una degradación alarmante del sitio arqueológico, con construcciones ilegales proliferando en el área B de restricción, que atentan contra su integridad estructural y cultural, denunció la organización Protección del Patrimonio Cultural y Natural AC en coordinación con Universitarios por Teotihuacan.",Cultura,https://www.jornada.com.mx/2024/09/19/cultura/a04n2cul?partner=rss,"Thu, 19 Sep 2024 11:06:07 GMT"
La Jornada: Cultura,Exigen trabajadores del Inbal pagos y certeza laboral para docentes,"Docentes, investigadores y trabajadores administrativos del Instituto Nacional de Bellas Artes y Literatura (Inbal) realizaron ayer una movilización en la dirección general de esa instancia, así como una serie de paros activos en centros educativos y de investigación dependientes de la misma, en protesta por el incumplimiento del pago salarial a los docentes con plaza de interinato.",Cultura,https://www.jornada.com.mx/2024/09/19/cultura/a05n2cul?partner=rss,"Thu, 19 Sep 2024 11:06:07 GMT"
La Jornada: Cultura,Apela el teatro español al “encuentro” de la sociedad en momentos de discordia,"Madrid. El Centro Dramático Nacional (CDN), la principal institución pública española de la dramaturgia y el teatro clásico, presentó su nueva temporada, la cual busca el “encuentro” con la sociedad en un momento de especial fragilidad por la irrupción de los extremos y la discordia. En el programa anual habrá hasta 29 producciones propias, de las cuales 14 son estrenos absolutos, además de 50 actividades complementarias que buscan acercar a la ciudadanía a los escenarios.",Cultura,https://www.jornada.com.mx/2024/09/19/cultura/a05n1cul?partner=rss,"Thu, 19 Sep 2024 11:06:07 GMT"
La Jornada: Cultura,Hoy comienza la cuarta edición de GAMA Week,"La cuarta edición de GAMA Week, que consiste en cuatro días dedicados al arte moderno y contemporáneo en galerías de la Ciudad de México, se llevará a cabo desde hoy y hasta el domingo. Participarán 26 espacios, con horarios extendidos y exposiciones concebidas ex profeso. Ésta es una actividad organizada por la asociación civil Galerías de Arte Mexicanas Asociadas (GAMA), fundada en 2020 durante la pandemia.",Cultura,https://www.jornada.com.mx/2024/09/19/cultura/a04n1cul?partner=rss,"Thu, 19 Sep 2024 11:06:07 GMT"
La Jornada: Cultura,“La sociedad neoyorquina venció a Capote como escritor”,"Truman Capote (Nueva Orleans, 1924) es un autor sumamente talentoso, quizá llamado a ser el heredero de Faulkner, pero a quien la sociedad neoyorquina “venció como escritor, pudo más la vida social de la élite y su obra se difuminó”, opina el narrador Alejandro Espinosa Fuentes.",Cultura,https://www.jornada.com.mx/2024/09/19/cultura/a02n1cul?partner=rss,"Thu, 19 Sep 2024 11:06:07 GMT"
La Jornada: Cultura,"Puesta en escena explora el dolor, el duelo y las desapariciones forzadas","La dramaturga Mariana Reskala enfrentó dos tragedias que transformaron su vida: la muerte de su mejor amigo y la violencia persistente en Xalapa, Veracruz. Estas experiencias dieron origen a El día que las estrellas dejaron de brillar, obra que explora el dolor, el duelo y las desapariciones forzadas.",Cultura,https://www.jornada.com.mx/2024/09/19/cultura/a03n2cul?partner=rss,"Thu, 19 Sep 2024 11:06:07 GMT"
La Jornada: Cultura,"“Los mimos estamos en peligro de extinción”, lamenta Humberto Ibarra","En México, la figura del mimo lucha por mantener su relevancia en un mundo que, según Humberto Ibarra, “parece olvidarse de esta forma esencial de comunicación teatral”. Nacido en 1966, Ibarra es un mimo y actor comprometido con la preservación de su arte, pero también con su reinvención y promoción.",Cultura,https://www.jornada.com.mx/2024/09/19/cultura/a03n1cul?partner=rss,"Thu, 19 Sep 2024 11:06:07 GMT"
Expansión - Economía,El 24% de los créditos hipotecarios es cofinanciado con Infonavit y Fovissste,"La Asociación de Bancos de México dijo que de enero a julio de este año, 16,100 créditos que ha dado la banca han tenido cofinanciamiento con los institutos para trabajadores.",Economía,https://expansion.mx/economia/2024/09/19/creditos-hipotecarios-cofinanciados-infonavit-fovissste,"Thu, 19 Sep 2024 18:11:45 GMT"
Expansión - Economía,"Yellen considera ""señal muy positiva"" recorte de tasas de la Fed","La medida ""refleja confianza de parte de la Fed en que la inflación cedió y está en camino hacia la meta de 2% (anual)"", expresó la secretaria del Tesoro de EU.",Economía,https://expansion.mx/economia/2024/09/19/yellen-considera-senal-muy-positiva-recorte-de-tasas-de-fed,"Thu, 19 Sep 2024 15:56:09 GMT"
Expansión - Economía,La CNBV buscará regular reportes de ciberseguridad,El regulador busca que todas las empresas que ofrezcan un servicio financiero deban homologar los criterios para reportar cuando han sido víctimas de un ataque cibernético.,Economía,https://expansion.mx/economia/2024/09/19/la-cnbv-buscara-regular-reportes-de-ciberseguridad,"Thu, 19 Sep 2024 11:01:32 GMT"
Expansión - Economía,Recorte de la Fed da margen de maniobra a Banco de México,"Tras la decisión de política monetaria del banco central estadounidense, Banxico tiene oportunidad de mantener el amplio diferencial de tasas, aseguran analistas.",Economía,https://expansion.mx/economia/2024/09/19/recorte-fed-margen-maniobra-banxico-politica-monetaria,"Thu, 19 Sep 2024 11:00:38 GMT"
Expansión - Economía,Claudia Sheinbaum se reunirá con empresarios de Estados Unidos en octubre,"En medio de voces empresariales que dicen que las inversiones se han detenido por la reforma judicial, Marcelo Ebrard anunció la asistencia de la próxima presidenta de México en el CEO Dialogue.",Economía,https://expansion.mx/economia/2024/09/18/ebrard-anuncia-sheinbaum-reunion-empresas-de-eu,"Wed, 18 Sep 2024 21:33:43 GMT"
Expansión - Economía,¿Dónde hay mayor brecha salarial por género en México?,"Banxico realizó un análisis de las brechas salariales de género en las regiones de México, los resultados demuestran que el norte es donde hay mayor diferencia de remuneración entre hombres y mujeres.",Economía,https://expansion.mx/economia/2024/09/18/brecha-salarial-por-genero-en-mexico,"Wed, 18 Sep 2024 21:03:20 GMT"
Expansión - Economía,¿Por qué es importante tener un seguro para tu negocio?,"Un seguro no solo cubre los daños materiales, sino que también puede asegurar la continuidad de las operaciones en caso de un siniestro, destaca la AMIS.",Economía,https://expansion.mx/economia/2024/09/18/por-que-es-importante-tener-un-seguro-para-tu-negocio,"Wed, 18 Sep 2024 20:15:39 GMT"
Expansión - Economía,Peligra economía de México si Trump gana y cumple con aranceles: Moody's,La agencia calificadora anticipa que la economía mexicana sufriría una recesión en 2025 y una mayor inflación.,Economía,https://expansion.mx/economia/2024/09/18/economia-de-mexico-peligra-recesion-si-gana-trump,"Wed, 18 Sep 2024 19:05:41 GMT"
Expansión - Economía,"RappiCard alcanza los 5,107 millones de pesos en su cartera de crédito",La empresa resalta que parte de su estrategia es ofrecer un proceso de solicitud y aprobación en solo dos minutos y una entrega de la tarjeta física en 30 minutos.,Economía,https://expansion.mx/economia/2024/09/18/rappicard-alcanza-5107-mdp-cartera-de-credito,"Wed, 18 Sep 2024 18:53:02 GMT"
Expansión - Economía,"Fed baja tasas medio punto porcentual; aduce ""confianza"" en control de inflación",Los responsables de la política monetaria prevén que el tipo de referencia de la Reserva Federal caiga otro medio punto porcentual a finales de este año.,Economía,https://expansion.mx/economia/2024/09/18/fed-baja-tasas-medio-punto-porcentual-aduce-confianza-en-control-de-inflacion,"Wed, 18 Sep 2024 18:16:03 GMT"
Expansión - Economía,Mercado Pago recibe financiamiento de JP Morgan para apoyar a Pymes mexicanas,La plataforma logra un acuerdo con el banco de inversión de 250 millones de dólares para apoyar a pequeños negocios en el país.,Economía,https://expansion.mx/economia/2024/09/18/mercado-pago-recibe-financiamiento-de-jp-morgan,"Wed, 18 Sep 2024 17:53:49 GMT"
Expansión - Economía,El número de súper ricos se dispara en Estados Unidos y China,La población China con al menos 100 millones de dólares en sus cuentas se ha duplicado en los últimos 10 años.,Economía,https://expansion.mx/economia/2024/09/18/paises-con-mas-super-ricos,"Wed, 18 Sep 2024 15:05:00 GMT"
Expansión - Economía,Infonavit maneja 2.4 billones de pesos en activos: Carlos Martínez,"Los fondos del instituto han aumentado por los aumentos salariales, las mayores aportaciones patronales, la fiscalización a empresas, los programas de regularización de créditos.",Economía,https://expansion.mx/economia/2024/09/18/cuanto-dinero-maneja-el-infonavit,"Wed, 18 Sep 2024 15:00:18 GMT"
Expansión - Economía,El impacto del nearshoring y las tendencias laborales según MetLife México,"La escasez de talento calificado, la importancia de beneficios competitivos y la necesidad de una cultura organizacional sólida son los principales desafíos a los que se enfrentan las empresas",Economía,https://expansion.mx/economia/2024/09/18/el-impacto-nearshoring-mexico-tendencias-laborales-metlife,"Wed, 18 Sep 2024 14:23:52 GMT"
Expansión - Economía,"Sofipos ven oportunidades en su figura, a pesar de la migración bancaria","La Asociación Mexicana de Sofipos (AMS) considera que con una nueva regulación, las instituciones pueden seguir creciendo con ayuda de la regulación y la tecnología.",Economía,https://expansion.mx/economia/2024/09/18/sofipos-ven-oportunidades-en-su-figura-a-pesar-de-la-migracion-bancaria,"Wed, 18 Sep 2024 11:05:55 GMT"
Expansión - Economía,Las Afores registran ganancias en agosto; las más altas en 9 meses,"Las Afores registraron plusvalías de 231,284.6 millones de pesos en agosto, el monto más alto desde noviembre del año pasado.",Economía,https://expansion.mx/economia/2024/09/17/afores-plusvalias-record-2024,"Wed, 18 Sep 2024 01:36:02 GMT"
Expansión - Economía,Estos son las mercancías que más importa México desde el exterior,"Los países a los que más le compra México son Estados Unidos, que representa casi 43% del total de las importaciones, seguido por China, con 20% y Japón, con 3%.",Economía,https://expansion.mx/economia/2024/09/17/estos-son-las-mercancias-que-mas-importa-mexico-desde-el-exterior,"Tue, 17 Sep 2024 20:12:56 GMT"
Expansión - Economía,"El SAT obtiene 191,506 mdp por eficiencia recaudatoria en 2024","La mayor eficiencia recaudatoria se debe principalmente a los programas Cumplimiento de Obligaciones, Vigilancia Profunda y Cobranza Coactiva.",Economía,https://expansion.mx/economia/2024/09/17/sat-obtiene-191-506-mdp-por-eficiencia-recaudatoria,"Tue, 17 Sep 2024 20:09:55 GMT"
Expansión - Economía,Los Cetes reducen rendimiento previo a decisión de Banxico,"La próxima semana, el Banco de México (Banxico) dará a conocer su decisión de política monetaria y los Cetes disminuyeron los rendimientos en todos los plazos.",Economía,https://expansion.mx/economia/2024/09/17/rendimientos-cetes-disminuyen,"Tue, 17 Sep 2024 19:14:11 GMT"
Expansión - Economía,El gobierno de Sheinbaum necesitará una nueva política para atraer inversiones,"Consumada la desaparición de ProMéxico, los esfuerzos por atraer inversión extranjera se dividieron. Los especialistas cuestionan si con un ente líder podría lograrse aún más.",Economía,https://expansion.mx/economia/2024/09/17/sheinbaum-y-nearshoring-fortalecer-inversion-extranjera,"Tue, 17 Sep 2024 11:05:40 GMT"
Expansión - Economía,México y EU acuerdan que Sader supervise el aguacate para exportación,Los gobiernos de México y Estados Unidos acordaron esta transferencia de responsabilidades para agilizar el comercio.,Economía,https://expansion.mx/economia/2024/09/16/mexico-y-eu-acuerdan-que-sader-supervise-el-aguacate-para-exportacion,"Mon, 16 Sep 2024 22:49:59 GMT"
Expansión - Economía,No todo es T-MEC; estos son los tratados comerciales que aguardan a Ebrard,"México tiene el potencial de ampliar y diversificar sus exportaciones, al menos en cinco tratados, además del que tiene con Estados Unidos y Canadá.",Economía,https://expansion.mx/economia/2024/09/16/no-todo-t-mec-otros-tratados-aguardan-marcelo-ebrard,"Mon, 16 Sep 2024 12:06:36 GMT"
Expansión - Economía,"Instituciones de crédito en incertidumbre por la Reforma Judicial, dice Moody’s",Las pequeñas y medianas empresas enfrentarán una desaceleración en los créditos dada la falta de certeza jurídica para las instituciones financieras no bancarias.,Economía,https://expansion.mx/economia/2024/09/14/instituciones-credito-incertidumbre-reforma-judicial-moodys,"Sat, 14 Sep 2024 18:44:39 GMT"
Expansión - Economía,Las sequías impactan el precio y peso de la carne de res: Banxico,El Banco de México destacó que las sequías provocan que los productores de carne sacrifiquen al ganado antes de tiempo para que no pierdan peso; lo que llega a provocar inflación en el mediano plazo.,Economía,https://expansion.mx/economia/2024/09/13/banxico-advierte-impacto-sequias-carne-de-res,"Fri, 13 Sep 2024 19:04:08 GMT"
Expansión - Economía,HR Ratings baja previsión de crecimiento a 1.4% para México en 2024,"La agencia calificadora ve un ambiente de incertidumbre por el cambio de administración y las reformas de AMLO, por lo que también recortó su pronóstico para 2025.",Economía,https://expansion.mx/economia/2024/09/13/hr-ratings-baja-prevision-crecimiento-a-1-4-para-mexico,"Fri, 13 Sep 2024 18:41:35 GMT"
Expansión - Economía,Gasolina Magna va por su segunda semana sin subsidios,"Durante la semana del 14 al 20 de septiembre, los consumidores pagarán 6.1752 pesos por el Impuesto Especial sobre Producción y Servicios (IEPS) por litro de gasolina regular.",Economía,https://expansion.mx/economia/2024/09/13/hacienda-quita-subsidio-gasolina-magna-segunda-semana,"Fri, 13 Sep 2024 18:11:46 GMT"
Expansión - Economía,Banxico proyecta apogeo del nearshoring en México entre 2026 y 2030,"En una encuesta de Banco de México, el 41.3% de las empresas consultadas estima que el mayor beneficio del proceso de relocalización se dará durante ese periodo.",Economía,https://expansion.mx/economia/2024/09/13/banxico-proyecta-apogeo-del-nearshoring-en-mexico-entre-2026-y-2030,"Fri, 13 Sep 2024 11:05:42 GMT"
Expansión - Economía,Fitch y S&P descartan degradar calificación de México por reforma judicial,Las agencias calificadoras ven finanzas sólidas y esperan una prudencia fiscal con Claudia Sheinbaum.,Economía,https://expansion.mx/economia/2024/09/12/descartan-degradar-calificacion-mexico-reforma-judicial,"Fri, 13 Sep 2024 00:04:27 GMT"
Expansión - Economía,"Él es Antonio Martínez Dagnino, jefe del SAT en el gobierno de Sheinbaum","Antonio Martínez Dagnino llegó a la jefatura del SAT en octubre del 2022, luego de que Raquel Buenrostro pasara a tomar el liderazgo en la Secretaría de Economía.",Economía,https://expansion.mx/economia/2024/09/12/quien-es-antonio-martinez-dagnino,"Thu, 12 Sep 2024 21:48:04 GMT"
Expansión - Economía,"De Pemex a Infonavit, él es Octavio Romero Oropeza","La presidenta electa, Claudia Sheinbaum, dio a conocer que Romero Oropeza estará al frente del Instituto del Fondo Nacional de la Vivienda para los Trabajadores.",Economía,https://expansion.mx/economia/2024/09/12/octavio-romero-oropeza-infonavit-pemex-claudia-sheinbaum,"Thu, 12 Sep 2024 20:35:18 GMT"
Expansión - Economía,BBVA advierte que reforma al Poder Judicial socava el Estado de derecho,Un análisis del banco considera que las perspectivas de crecimiento económico de México también pueden deteriorarse.,Economía,https://expansion.mx/economia/2024/09/12/bbva-advertencia-reforma-poder-judicial,"Thu, 12 Sep 2024 17:15:40 GMT"
Expansión - Economía,El papel de la economía del bienestar en los gobiernos modernos,"La economía del bienestar prioriza la salud y la felicidad de las personas, colocando estos valores al mismo nivel, o incluso por encima, de los indicadores económicos tradicionales como el PIB.",Economía,https://expansion.mx/economia/2024/09/12/el-papel-de-la-economia-del-bienestar-en-los-gobiernos-modernos,"Thu, 12 Sep 2024 12:03:53 GMT"
Expansión - Economía,"Los salarios, programas sociales y remesas mantienen el consumo en México","Pese a la inflación y mayor tasa de interés, el consumo privado en México ha sido un pilar para la economía, pero a esta tendencia le queda poco tiempo, advierten analistas.",Economía,https://expansion.mx/economia/2024/09/12/inflacion-y-tasas-de-interes-consumo-en-mexico-se-mantiene,"Thu, 12 Sep 2024 11:05:27 GMT"
Expansión - Economía,Moody's prevé que reforma judicial debilite la calidad crediticia de México,"Los cambios en el sistema judicial perjudicarían a las futuras inversiones en nearshoring, dice la agencia calificadora.",Economía,https://expansion.mx/economia/2024/09/11/moodys-reforma-judicial-calificacion-mexico,"Thu, 12 Sep 2024 01:55:00 GMT"
Expansión - Economía,Coparmex advierte que reforma judicial afectará proyectos clave para la economía,"El organismo empresarial lamenta la aprobación en el Senado de la República, señaló que es una decisión que no tomó en cuenta las diferentes voces.",Economía,https://expansion.mx/economia/2024/09/11/reforma-judicial-coparmex,"Wed, 11 Sep 2024 23:41:57 GMT"
Expansión - Economía,El peso mexicano se mantiene bajo las 20 unidades por dólar,"Tras la aprobación de la reforma judicial y la baja en la inflación en EU, la moneda se apreció 1.48% frente a las 20.09 unidades por dólar reportadas al cierre del martes.",Economía,https://expansion.mx/economia/2024/09/11/peso-mexicano-a-dolar-hoy-11-septiembre-cierre,"Wed, 11 Sep 2024 22:15:39 GMT"
Expansión - Economía,México va a facilitar y respaldar inversiones de EU: Marcelo Ebrard,"Luego de aprobada la reforma judicial, el próximo secretario de Economía revivió y posteó un video en redes sociales en el que dice que la integración de las dos economías avanza a paso acelerado.",Economía,https://expansion.mx/economia/2024/09/11/marcelo-ebrard-facilitara-y-respaldara-inversiones-eu,"Wed, 11 Sep 2024 16:14:02 GMT"
Expansión - Economía,La inversión extranjera cae en los estados más “atractivos” para el nearshoring,"La falta de energía eléctrica, escasez de agua y mano de obra, además de una infraestructura rebasada para el transporte le ponen freno a las decisiones de inversión.",Economía,https://expansion.mx/economia/2024/09/11/cae-inversion-extranjera-en-estados-norte-nearshoring,"Wed, 11 Sep 2024 11:05:52 GMT"
Expansión - Economía,"Comce espera inversiones por 48,000 mdd, pese a reforma judicial","El presidente del Consejo Empresarial Mexicano de Comercio Exterior destacó que prevén que la Inversión Extranjera Directa cierre 2024 en 40,000 millones de dólares, 11% más respecto a 2023.",Economía,https://expansion.mx/economia/2024/09/10/comce-inversiones-reforma-judicial,"Tue, 10 Sep 2024 21:41:50 GMT"
Expansión - Economía,"La inflación cede, pero Banxico enfrenta más retos para bajar tasa de interés",La volatilidad en el tipo de cambio generada por el avance de la reforma judicial representa un freno al banco central para  bajar la tasa de interés de referencia.,Economía,https://expansion.mx/economia/2024/09/10/inflacion-cede-banxico-enfrenta-retos-antes-de-bajar-tasas,"Tue, 10 Sep 2024 20:37:05 GMT"
Expansión - Economía,Los rendimientos de los Cetes tocan su nivel más bajo desde enero,Los rendimientos de los Cetes a 28 días tuvieron la tasa más baja desde enero pasado ante la expectativa de que Banxico haga más recortes a la tasa de referencia.,Economía,https://expansion.mx/economia/2024/09/10/cetes-rendimiento-bajo-28-dias-caen,"Tue, 10 Sep 2024 18:56:01 GMT"
Expansión - Economía,Mexico necesita una política industrial acorde a la economía actual: IMCO,"El centro de investigación apunta que en los últimos 20 años, el valor agregado a la producción de exportaciones manufactureras se ha estancado.",Economía,https://expansion.mx/economia/2024/09/10/mexico-politica-industrial-economia-imco,"Tue, 10 Sep 2024 18:28:03 GMT"
Expansión - Economía,¿Cuánto deben pagarte si trabajas el lunes 16 de septiembre?,"En el caso de que tu patrón no siga lo que marca la legislación mexicana, podrás denunciarlo ante la Profedet. Aprende a calcular cuánto deben pagarte y en dónde denunciar si no respetan tus derechos.",Economía,https://expansion.mx/economia/2024/09/10/cuanto-deben-pagarte-si-trabajas-el-lunes-16-de-septiembre,"Tue, 10 Sep 2024 16:38:29 GMT"
Expansión - Economía,Empresarios exigen a senadores de oposición mantenerse contra reforma judicial,"La Coparmex hace un llamado a los 43 senadores a resistir las ""presiones externas"".",Economía,https://expansion.mx/economia/2024/09/09/empresarios-senadores-oposicion-reforma-judicial,"Tue, 10 Sep 2024 01:30:18 GMT"
Expansión - Economía,La recaudación de impuestos sube 6% entre enero y agosto,"En los primeros ocho meses del 2024, la recaudación de impuestos por parte del Servicio de Administración Tributaria sumó 3.338 billones de pesos.",Economía,https://expansion.mx/economia/2024/09/09/recaudacion-de-impuestos-sube-entre-enero-y-agosto,"Mon, 09 Sep 2024 23:16:02 GMT"
Expansión - Economía,"La reforma judicial le pone cautela a las inversiones, advierte sector privado","La paulatina terminación de los proyectos del gobierno y la creciente incertidumbre política reciente, ha deteriorado rápidamente el dinamismo de la inversión, refiere el CEESP.",Economía,https://expansion.mx/economia/2024/09/09/reforma-judicial-cautela-inversiones-advierte-sector-privado,"Mon, 09 Sep 2024 20:46:22 GMT"
Expansión - Economía,La inflación se desacelera; subyacente toca su menor nivel desde febrero de 2021,"En agosto, la inflación general perdió ritmo al llegar a 4.99%, informó el Inegi.",Economía,https://expansion.mx/economia/2024/09/09/inflacion-agosto-2024-inegi,"Mon, 09 Sep 2024 12:49:14 GMT"
Expansión - Economía,Predomina el pago de deuda frente a la inversión en infraestructura,La actual administración rompió con una tendencia que predominaba desde 2007: mayor gasto para inversión física que para el pago de los intereses de la deuda.,Economía,https://expansion.mx/economia/2024/09/09/predomina-el-pago-de-deuda-frente-a-la-inversion-en-infraestructura,"Mon, 09 Sep 2024 11:05:33 GMT"
Expansión - Economía,Janet Yellen dice que su retiro puede llegar en enero,"La secretaria del Tesoro dijo que, en lo que termina la administración de Joe Biden, quiere tener otra reunión con el viceprimer ministro chino He Lifeng.",Economía,https://expansion.mx/economia/2024/09/07/yellen-puede-retirarse-servicio-publico-enero,"Sat, 07 Sep 2024 23:28:11 GMT"
Expansión - Tecnología,Amazon Prime y MGM Studios se unen a la MPA,Las empresas de entretenimiento se unen a otras como Netflix o Paramount Pictures.,Tecnología,https://expansion.mx/tecnologia/2024/09/19/amazon-prime-y-mgm-studios-se-unen-a-la-mpa,"Thu, 19 Sep 2024 23:00:37 GMT"
Expansión - Tecnología,Amazon lanza un nuevo bot que te ayudará a crecer las ventas,La empresa dio a conocer a Amelia para obtener los datos de venta e inventario de un negocio que está en la plataforma.,Tecnología,https://expansion.mx/tecnologia/2024/09/19/amazon-lanza-un-nuevo-bot-que-te-ayudara-a-crecer-las-ventas,"Thu, 19 Sep 2024 21:00:01 GMT"
Expansión - Tecnología,PlayStation lanza edición limitada con aspecto noventero,"Esta consola evoca al aspecto del primer equipo, lanzado por Sony en 1994, y forma parte de la celebración por sus 30 años.",Tecnología,https://expansion.mx/tecnologia/2024/09/19/playstation-lanza-edicion-limitada-30-aniversario,"Thu, 19 Sep 2024 19:00:05 GMT"
Expansión - Tecnología,Usuarios reportan que la alerta sísmica nunca llegó a sus celulares,El IFT había asegurado que hoy las empresas enviarían mensajes de emergencia por sismos pero nunca llegaron. Telcel asegura que las alertas dependen del regulador.,Tecnología,https://expansion.mx/tecnologia/2024/09/19/por-que-no-me-llego-mensaje-alerta-sismica-celular,"Thu, 19 Sep 2024 17:38:37 GMT"
Expansión - Tecnología,TelevisaUnivision nombra como nuevo CEO a un exdirectivo de Google,"Se trata de Daniel Alegre, en sustitución de Wade Davis,  quien cuenta con una amplia experiencia en empresas de tecnología y trabajando con la comunidad hispana en EU, México y América Latina.",Tecnología,https://expansion.mx/tecnologia/2024/09/19/televisaunivision-nuevo-ceo-exdirectivo-de-google,"Thu, 19 Sep 2024 15:58:28 GMT"
Expansión - Tecnología,Inversión en conectividad no caerá pese a política judicial: Neutral Networks,"El CEO de la compañía Neutral Networks, enfocada en infraestructura crítica, dijo que la necesidad de conectividad a nivel usuario como empresa será más fuerte que agendas políticas.",Tecnología,https://expansion.mx/tecnologia/2024/09/19/reforma-judicial-riesgo-confianza-invertir-telecomunicaciones,"Thu, 19 Sep 2024 15:42:38 GMT"
Expansión - Tecnología,Nintendo y The Pokémon Company demandan al creador de Palworld,"Las empresas japonesas iniciaron una acción legal en contra de Pocketpair, debido a infracciones de patentes al desarrollar el llamado “Pokémon con armas”.",Tecnología,https://expansion.mx/tecnologia/2024/09/19/nintendo-y-the-pokemon-company-demandan-al-creador-de-palworld,"Thu, 19 Sep 2024 15:00:36 GMT"
Expansión - Tecnología,TelevisaUnivisión sustituirá a Wade Davis como director general,La empresa decidió sustituir a Davis por Daniel Alegre debido a algunos de los resultados de la compañía que cayeron por debajo de las expectativas internas.,Tecnología,https://expansion.mx/tecnologia/2024/09/18/televisaunivision-sustituira-a-wade-davis-como-director-general,"Thu, 19 Sep 2024 00:51:13 GMT"
Expansión - Tecnología,YouTube presenta IA para hacer videos y ganar ‘más’ dinero,La empresa llevo a cabo Made on YouTube un evento donde también señaló que el número de creadores que obtienen la mayor parte de sus ingresos viene de TV.,Tecnología,https://expansion.mx/tecnologia/2024/09/18/youtube-presenta-ia-para-hacer-videos-y-ganar-mas-dinero,"Wed, 18 Sep 2024 21:00:56 GMT"
Expansión - Tecnología,La IA generativa transforma la operación y los ingresos empresariales,"El uso de IA generativa ha crecido en diversos sectores, impulsando la innovación y facilitando nuevas formas de operar en las organizaciones.",Tecnología,https://expansion.mx/tecnologia/2024/09/18/ia-generativa-transforma-operacion-e-ingresos-empresariales,"Wed, 18 Sep 2024 20:18:50 GMT"
Expansión - Tecnología,Amazon agrega a PayPal como método de pago en pedidos de Comprar con Prime,"Esta nueva opción estará disponible para los usuarios que realicen compras en sitios web de terceros, con membresía Prime.",Tecnología,https://expansion.mx/tecnologia/2024/09/18/amazon-agrega-a-paypal-como-metodo-de-pago-prime,"Wed, 18 Sep 2024 17:27:37 GMT"
Expansión - Tecnología,CFE Telecom perfila a nuevo CEO para impulsar el proyecto de internet,"Según dos fuentes con conocimiento del tema, al interior de la compañía se ha puesto sobre la mesa el nombre de Emiliano Calderón Mercado para ser el nuevo CEO de la estatal de telecomunicaciones.",Tecnología,https://expansion.mx/tecnologia/2024/09/18/nuevo-director-genera-general-de-cfe-telecom-quien-suena,"Wed, 18 Sep 2024 17:00:23 GMT"
Expansión - Tecnología,"Google se salva de una multa antimonopolio de 1,670 mmd",El caso comenzó por un supuesto dominio anticompetitivo de la empresa en el mercado de la publicidad en línea.,Tecnología,https://expansion.mx/tecnologia/2024/09/18/google-se-salva-de-una-multa-presunto-monopolio,"Wed, 18 Sep 2024 15:00:18 GMT"
Expansión - Tecnología,El e-commerce chino conquista las bolsas de valores,"Los dueños de Alibaba, Temu y JD conquistan el e-commerce del mundo, mientras diversifican sus negocios.",Tecnología,https://expansion.mx/tecnologia/2024/09/18/el-e-commerce-chino-conquista-las-bolsas-de-valores,"Wed, 18 Sep 2024 11:29:58 GMT"
Expansión - Tecnología,¿Cómo funciona el canje de teléfonos de Mercado Libre?,"Mercado Libre lanzó un nuevo programa llamado Trade in smartphones, con el que puedes canjear tu antiguo celular por un modelo nuevo.",Tecnología,https://expansion.mx/tecnologia/2024/09/17/canje-de-telefonos-mercado-libre,"Wed, 18 Sep 2024 01:24:09 GMT"
Expansión - Tecnología,Malware en Android permite retirar dinero desde cajeros automáticos,"NGate clona datos NFC de tarjetas de pago y los retransmite a un atacante, quien emula la tarjeta original para realizar retiros de dinero en cajeros automáticos.",Tecnología,https://expansion.mx/tecnologia/2024/09/17/malware-android-clona-tarjetas-retira-dinero-de-cajeros,"Wed, 18 Sep 2024 00:17:31 GMT"
Expansión - Tecnología,"Uber y Didi operan en los mismos sitios del AICM, pese a restricciones",Los usuarios continúan pidiendo el servicio de taxis por aplicación y Uber apunta que continuará operando con regularidad.,Tecnología,https://expansion.mx/tecnologia/2024/09/17/uber-didi-operan-aicm-pese-a-restricciones,"Tue, 17 Sep 2024 23:00:41 GMT"
Expansión - Tecnología,TikTok vs EU: una historia de antaño que no tiene fin claro,"Aunque la prohibición llegaría en enero de 2025, la empresa interpuso una demanda para evitar su restricción, mientras que los candidatos a la presidencia tampoco la quieren bloquear.",Tecnología,https://expansion.mx/tecnologia/2024/09/17/tiktok-vs-eu-una-historia-de-antano-que-no-tiene-fin-claro,"Tue, 17 Sep 2024 21:00:35 GMT"
Expansión - Tecnología,Cómo crear un diario personal con la IA de WhatsApp,"La inteligencia artificial de WhatsApp, Meta AI, puede aprovecharse para realizar y simplificar diferentes tareas. Aquí te explicamos cómo crear un diario personal",Tecnología,https://expansion.mx/tecnologia/2024/09/17/diario-personal-ia-whatsapp,"Tue, 17 Sep 2024 20:41:05 GMT"
Expansión - Tecnología,Alerta sísmica llegará a los teléfonos el próximo 19 de septiembre: IFT,"Telcel, AT&amp;T, Telefónica y Bait comenzarán a enviar notificaciones de emergencia  por sismos, huracanes o inundaciones en celulares.",Tecnología,https://expansion.mx/tecnologia/2024/09/17/ift-mensaje-celulares-simulacro-nacional,"Tue, 17 Sep 2024 19:05:31 GMT"
Expansión - Tecnología,"iOS 18, qué incluye esta nueva versión y cómo actualizar tu iPhone","Aunque todavía no se ha integrado Apple Intelligence, esta actualización al sistema operativo integra una serie de mejoras.",Tecnología,https://expansion.mx/tecnologia/2024/09/17/ios-18-que-incluye-esta-nueva-version-y-como-actualizar-tu-iphone,"Tue, 17 Sep 2024 19:00:57 GMT"
Expansión - Tecnología,Ahora los usuarios de Uber también deberán verificar su identidad,"Uber implementará una nueva verificación de identidad para los pasajeros, con el objetivo de ofrecer mayor seguridad a los conductores y evitar fraudes en la plataforma.",Tecnología,https://expansion.mx/tecnologia/2024/09/17/usuarios-de-uber-tambien-deberan-verificarse,"Tue, 17 Sep 2024 17:41:51 GMT"
Expansión - Tecnología,Intel y Amazon firman acuerdo comercial y el mercado lo recibe bien,Las empresas de tecnología trabajarán en conjunto una coinversión en diseños de chip personalizados para el negocio de nube de la big tech: AWS.,Tecnología,https://expansion.mx/tecnologia/2024/09/17/intel-amazon-acuerdo-comercial-mercado-recibe-bien,"Tue, 17 Sep 2024 17:00:15 GMT"
Expansión - Tecnología,OpenAI crea una junta de seguridad capaz de detener nuevos lanzamientos,"La empresa busca mejorar sus procesos de protección, confianza y transparencia en medio de la búsqueda de una nueva ronda de financiación multimillonaria.",Tecnología,https://expansion.mx/tecnologia/2024/09/17/openai-crea-una-junta-de-seguridad-capaz-de-detener-nuevos-lanzamientos,"Tue, 17 Sep 2024 15:10:26 GMT"
Expansión - Tecnología,Instagram lanza cuenta para adolescentes con controles parentales,Los usuarios menores de 16 años sólo podrán recibir mensajes y ser etiquetados por cuentas a las que sigan o con las que ya estén conectados.,Tecnología,https://expansion.mx/tecnologia/2024/09/17/instagram-lanza-cuenta-para-adolescentes,"Tue, 17 Sep 2024 14:10:35 GMT"
Expansión - Tecnología,¿El servicio al cliente en manos de la IA es mejor que los humanos?,Más de la mitad de los profesionales de servicio al cliente ya ocupan algún software impulsado por IA y se espera que continúe creciendo.,Tecnología,https://expansion.mx/tecnologia/2024/09/17/servicio-cliente-ia-es-mejor-que-los-humanos,"Tue, 17 Sep 2024 11:59:44 GMT"
Expansión - Tecnología,Intel aplaza el proyecto para instalar fábricas en Alemania y Polonia,"El anuncio se presenta después de que se revelara que la empresa recibirá hasta 3,000 millones de dólares del gobierno estadounidense para fabricar semiconductores.",Tecnología,https://expansion.mx/tecnologia/2024/09/16/intel-aplaza-el-proyecto-para-instalar-fabricas-en-alemania-y-polonia,"Tue, 17 Sep 2024 00:09:29 GMT"
Expansión - Tecnología,Amazon se despide del home office: sus empleados regresan a la oficina en 2025,"Las empresas han permitido que muchos empleados trabajen desde casa desde la pandemia, lo que ha dejado las oficinas casi vacías en varias ciudades como San Francisco y Seattle.",Tecnología,https://expansion.mx/tecnologia/2024/09/16/amazon-se-despide-del-home-office-sus-empleados-regresan-a-la-oficina-en-2025,"Mon, 16 Sep 2024 21:04:45 GMT"
Expansión - Tecnología,Rappi considera debutar en la Bolsa de Nueva York en un año,"Rappi opera en nueve países de la región y es considerada como un unicornio tecnológico con una valoración que supera los 5,000 millones de dólares.",Tecnología,https://expansion.mx/tecnologia/2024/09/16/rappi-considera-debutar-en-la-bolsa-de-nueva-york-en-un-ano,"Mon, 16 Sep 2024 20:00:43 GMT"
Expansión - Tecnología,TikTok y el Departamento de Justicia se enfrentan en los tribunales de EU,Los abogados de TikTok se enfrentarán al Departamento de Justicia en un tribunal de Washington sobre el destino de una ley que podría prohibir la aplicación de vídeos cortos.,Tecnología,https://expansion.mx/tecnologia/2024/09/16/tiktok-y-el-departamento-de-justicia-se-enfrentan-en-los-tribunales-de-eu,"Mon, 16 Sep 2024 17:44:38 GMT"
Expansión - Tecnología,¿Cómo beneficiaría a Altán Redes la desaparición del IFT?,"Con la eliminación del IFT, el Ejecutivo tendría la facultad para adjudicar directamente espectro a Altán para el plan de cierre de brecha digital y para volverse  más competitiva ante AT&amp;T y Telcel.",Tecnología,https://expansion.mx/tecnologia/2024/09/14/como-beneficiaria-a-altan-redes-la-desaparicion-del-ift,"Sat, 14 Sep 2024 16:58:53 GMT"
Expansión - Tecnología,Telefónica y Megacable aplican medidas de seguridad en Culiacán,Las compañías de telecomunicaciones decidieron modificar la operación de sus sucursales para garantizar la seguridad de sus trabajadores en la entidad que ha sido azotada por la violencia.,Tecnología,https://expansion.mx/tecnologia/2024/09/13/telefonica-y-megacable-aplican-medidas-de-seguridad-en-culiacan,"Sat, 14 Sep 2024 00:27:34 GMT"
Expansión - Tecnología,"Intel logra acuerdo de 3,500 mdd para fabricar chips para el ejército","Se trata de un programa secreto, llamado Secure Enclave, que busca establecer la producción de chips avanzados con aplicaciones militares y de Inteligencia.",Tecnología,https://expansion.mx/tecnologia/2024/09/13/intel-logra-acuerdo-de-3-500-mdd-para-fabricar-chips-para-el-ejercito,"Fri, 13 Sep 2024 23:52:53 GMT"
Expansión - Tecnología,Brasil desbloquea cuentas de Starlink y X tras transferencia de 3 mdd,El juez del Supremo Tribunal dijo que el levantamiento se ordenó porque la cantidad transferida a las arcas de Brasil alcanzaba el total que X debía al país en concepto de multas.,Tecnología,https://expansion.mx/tecnologia/2024/09/13/brasil-desbloquea-cuentas-starlink-x-transferencia-3-mdd,"Fri, 13 Sep 2024 22:30:59 GMT"
Expansión - Tecnología,¿Cuánto me da Apple por mi iPhone para abonar en la compra de uno nuevo?,"El programa Trade In recibe equipos desde el iPhone SE 2020 hasta el 15 Pro Max, con una bonificación máxima de 20,000 pesos.",Tecnología,https://expansion.mx/tecnologia/2024/09/13/cuanto-me-da-apple-por-mi-iphone-compra-nuevo,"Fri, 13 Sep 2024 21:15:09 GMT"
Expansión - Tecnología,Telmex suspende la atención de quejas y de Centros de servicios en Culiacán,"El Sindicato de Telefonistas dijo que debido a los enfrentamientos armados en la entidad, se decidió no abrir las tiendas, ni los centros de trabajo para resguardar la integridad de sus técnicos.",Tecnología,https://expansion.mx/tecnologia/2024/09/13/telmex-suspende-la-atencion-de-quejas-y-de-centros-de-servicios-en-culiacan,"Fri, 13 Sep 2024 17:20:31 GMT"
Expansión - Tecnología,¿Cómo usar las nuevas funciones de texto de Instagram?,"Las nuevas herramientas de texto incluyen más fuentes y efectos, así como la posibilidad de agregar texto superpuesto en publicaciones del feed.",Tecnología,https://expansion.mx/tecnologia/2024/09/13/nuevas-herramientas-de-texto-instagram,"Fri, 13 Sep 2024 15:30:44 GMT"
Expansión - Tecnología,Líderes tecnológicos  acudirán a la Casa Blanca para hablar de IA: CNN,Funcionarios de alto rango y líderes tecnológicos se darán cita para hablar de los recursos energéticos y la infraestructura necesarios para impulsar esta herramienta.,Tecnología,https://expansion.mx/tecnologia/2024/09/12/lideres-tecnologicos-casa-blanca-ia,"Thu, 12 Sep 2024 22:00:12 GMT"
Expansión - Tecnología,"OpenAI lanza una nueva serie de modelos de IA con capacidad de ""razonamiento""",El modelo conocido internamente como strawberry tuvo altas calificaciones en pruebas de matemáticas y codificación. Pero la empresa reconoce que aún puede dar respuestas limitadas.,Tecnología,https://expansion.mx/tecnologia/2024/09/12/openai-lanza-una-nueva-serie-de-modelos-de-ia-con-capacidad-de-razonamiento,"Thu, 12 Sep 2024 21:53:45 GMT"
Expansión - Tecnología,La UE ahora va por empresas de videojuegos,"Después de tener un foco en torno a las big tech, el organismo regulador busca esclarecer prácticas de compañías como Fortnite.",Tecnología,https://expansion.mx/tecnologia/2024/09/12/la-ue-ahora-va-por-empresas-de-videojuegos,"Thu, 12 Sep 2024 20:00:33 GMT"
Expansión - Tecnología,"La escritura manual de código tiene los días contados, vaticina el CEO de NVIDIA","Jensen Huang explicó que sus 32,000 ingenieros de software estarán acompañados de 100 veces más asistentes digitales, las 24 horas del día, los 7 días de la semana.",Tecnología,https://expansion.mx/tecnologia/2024/09/12/ceo-nvidia-vaticina-escritura-codigo-tiene-dias-contados,"Thu, 12 Sep 2024 19:34:15 GMT"
Expansión - Tecnología,"""Es precioso"", SpaceX logra la primera caminata espacial privada",Dos de los tripulantes de la misión Polaris Dawn lograron completar el hito de la primera caminata espacial privada de la historia.,Tecnología,https://expansion.mx/tecnologia/2024/09/12/spacex-primera-caminata-espacial-privada,"Thu, 12 Sep 2024 18:00:27 GMT"
Expansión - Tecnología,La reforma judicial amenaza inversiones y desarrollo de las telecomunicaciones,"La reforma plantea elegir jueces sin un perfil técnico, pero expertos aseguran que esto traerá problemas regulatorios e incluso el riesgo de contar con juzgadores con fines políticos.",Tecnología,https://expansion.mx/tecnologia/2024/09/12/telecomunicaciones-en-peligro-cambios-reforma-judicial,"Thu, 12 Sep 2024 15:14:47 GMT"
Expansión - Tecnología,La UE logra victoria judicial frente a Apple y Google,"La UE logró dos importantes victorias judiciales contra los gigantes tecnológicos Apple y Google, en batallas legales decididas por el máximo tribunal del bloque.",Tecnología,https://expansion.mx/tecnologia/2024/09/12/ue-victoria-judicial-frente-apple-y-google,"Thu, 12 Sep 2024 15:00:31 GMT"
Expansión - Tecnología,"Xbox anuncia nueva ronda de despidos, ahora serán 650 colaboradores","La tecnológica tuvo una reestructura tras la adquisición de Activision Blizzard, ahora hará un nuevo ajuste.",Tecnología,https://expansion.mx/tecnologia/2024/09/12/microsoft-despidos-masivos-650-trabajadores-de-xbox,"Thu, 12 Sep 2024 13:57:10 GMT"
Expansión - Tecnología,"Cómo borrar todas las publicaciones de tu perfil de Facebook, paso a paso",Muchas personas desean eliminar publicaciones antiguas de su perfil por diversas razones. Te mostramos cómo hacerlo de forma rápida.,Tecnología,https://expansion.mx/tecnologia/2024/09/11/como-borrar-todas-las-publicaciones-de-facebook,"Wed, 11 Sep 2024 23:37:21 GMT"
Expansión - Tecnología,IFT multa a Telcel con 90.6 mdp por evitar la venta de SIM de sus competidores,"El regulador detalló que la práctica anticompetitiva fue realizada con un distribuidor en estados de Michoacán, Colima y Jalisco y consistió en evitar la venta de SIM y recargas móviles.",Tecnología,https://expansion.mx/tecnologia/2024/09/11/practicas-monopolicas-telcel-ift-multa,"Wed, 11 Sep 2024 22:25:20 GMT"
